date,1_x,1_y,2_x,2_y,3_x,3_y,4_x,4_y,5_x,5_y,6_x,6_y,7_x,7_y,8_x,8_y,9_x,9_y,10_x,10_y,11_x,11_y,12_x,12_y,in,out,delta,invest,withdraw
2017-08-10,0.04,0.0,0.0,0.0,0.0,0.0,0.0,0.0,0.0,0.0,0.0,0.0,0.0,0.0,0.0,0.0,0.0,0.0,0.0,0.0,0.0,0.0,0.0,0.0,3.480201,0.11,3.370201,0.0,0.0
2017-08-11,10.0,0.0,0.0,0.0,0.0,0.0,0.0,0.0,0.0,0.0,0.0,0.0,0.0,0.0,0.0,0.0,0.0,0.0,0.0,0.0,0.0,0.0,1.01,0.0,69.2711,1.01,71.631301,0.0,0.0
2017-08-12,22.0,0.0,0.0,0.0,10.0,0.0,0.0,0.0,0.0,0.0,0.0,0.0,0.0,0.0,0.0,0.0,0.0,0.0,0.0,0.0,0.0,0.0,0.15,0.0,11.1761961095,5.0,77.8074971095,0.0,0.0
2017-08-13,11.05,0.0,0.0,0.0,0.0,0.0,0.0,0.0,0.0,0.0,0.0,0.0,0.0,0.0,0.0,0.0,0.0,0.0,0.0,0.0,0.0,0.0,2.0,0.0,6.5354771641,2.05,82.2929742736,0.0,0.0
2017-08-14,33.06,0.0,0.0,0.0,0.0,0.0,0.2,0.0,0.0,0.0,0.0,0.0,0.0,0.0,0.0,0.0,0.0,0.0,0.0,0.0,0.0,0.0,25.0,0.0,30.6939443829,11.251,101.7359186565,0.0,0.0
2017-08-15,16.15,0.0,0.0,0.0,3.0,0.0,3.2,0.0,0.0,0.0,0.0,0.0,0.0,0.0,0.0,0.0,0.0,0.0,0.0,0.0,0.0,0.0,0.51,0.0,44.1960331635,22.723163,123.20878882,0.0,0.0
2017-08-16,38.0,0.0,0.0,0.0,0.0,0.0,0.0,0.0,0.0,0.0,1.0,0.0,0.0,0.0,0.0,0.0,0.0,0.0,0.0,0.0,0.0,0.0,0.01,0.0,32.9582512175,0.030111,156.1369290375,0.0,0.0
2017-08-17,69.12,0.0,1.2,0.0,1.6,0.0,1.0,0.0,0.0,0.0,0.1,0.0,0.0,0.0,0.0,0.0,0.0,0.0,0.0,0.0,0.0,0.0,0.01,0.0,36.9855792853,9.91,183.2125083228,0.0,0.0
2017-08-18,49.15,0.0,0.0,0.0,0.0,0.0,0.0,0.0,0.0,0.0,0.0,0.0,0.0,0.0,0.0,0.0,0.0,0.0,0.0,0.0,0.0,0.0,5.0,0.0,36.6693819012,12.15,207.731890224,0.0,0.0
2017-08-19,4.45,0.0,0.0,0.0,0.0,0.0,0.0,0.0,0.0,0.0,0.0,0.0,0.0,0.0,0.0,0.0,0.0,0.0,0.0,0.0,0.0,0.0,0.01,0.0,13.1212063795,1.45,219.4030966035,0.0,0.0
2017-08-20,26.5,0.0,0.0,0.0,0.0,0.0,0.0,0.0,0.0,0.0,1.0,0.0,0.0,0.0,0.0,0.0,0.0,0.0,0.0,0.0,0.0,0.0,1.2,0.0,14.182592968,0.0,233.5856895715,0.0,0.0
2017-08-21,79.0,0.0,3.55,0.0,6.3,0.0,0.0,0.0,0.0,0.0,0.0,0.0,0.0,0.0,0.0,0.0,0.0,0.0,0.0,0.0,0.0,0.0,10.0,0.0,60.4220324746,14.06149,279.9462320461,0.0,0.0
2017-08-22,8.5,0.0,1.33,0.0,3.0,0.0,0.0,0.0,0.0,0.0,0.0,0.0,0.0,0.0,0.0,0.0,0.0,0.0,0.0,0.0,0.0,0.0,41.0,0.0,69.7426420492,50.611497,299.0773770953,0.0,0.0
2017-08-23,26.5,0.0,0.0,0.0,6.7,0.0,0.0,0.0,0.0,0.0,0.0,0.0,5.5,0.0,0.0,0.0,0.0,0.0,0.0,0.0,0.0,0.0,11.02,0.0,37.121693171,48.21,287.9890702663,0.0,0.0
2017-08-24,0.0,0.0,0.0,0.0,0.0,0.0,0.0,0.0,0.0,0.0,3.0,0.0,0.0,0.0,0.0,0.0,0.0,0.0,0.0,0.0,0.0,0.0,0.0,0.0,19.0995621706,13.417227,293.6714054369,0.0,0.0
2017-08-25,9.0,0.0,0.0,0.0,0.0,0.0,0.0,0.0,0.0,0.0,0.0,0.0,2.0,0.0,0.0,0.0,0.0,0.0,0.0,0.0,0.0,0.0,5.61,0.0,18.8440465401,21.770219,290.745232977,0.0,0.0
2017-08-26,11.05,0.0,0.0,0.0,0.0,0.0,0.0,0.0,0.0,0.0,0.0,0.0,0.0,0.0,0.0,0.0,0.0,0.0,0.0,0.0,0.0,0.0,0.0,0.0,5.4611096359,3.0,293.2063426129,0.0,0.0
2017-08-27,18.0,0.0,0.0,0.0,0.0,0.0,0.0,0.0,0.0,0.0,0.0,0.0,0.0,0.0,0.0,0.0,0.0,0.0,0.0,0.0,0.0,0.0,18.3,0.0,6.9152349917,1.3,298.8215776046,0.0,0.0
2017-08-28,22.32,0.0,0.0,0.0,1.0,0.0,0.0,0.0,0.0,0.0,0.0,0.0,0.0,0.0,0.0,0.0,0.0,0.0,0.0,0.0,0.0,0.0,0.1,0.0,14.8013526216,0.31,313.3129302262,0.0,0.0
2017-08-29,3.5,0.0,0.0,0.0,5.0,0.0,0.0,0.0,0.0,0.0,0.0,0.0,0.0,0.0,0.0,0.0,0.0,0.0,0.0,0.0,0.0,0.0,2.3,0.0,24.7551353743,0.810016,337.2580496005,0.0,0.0
2017-08-30,14.5,0.0,0.4,0.0,0.0,0.0,0.0,0.0,0.0,0.0,0.0,0.0,0.0,0.0,0.0,0.0,0.0,0.0,0.0,0.0,0.0,0.0,1.05,0.0,16.9197045384,15.105876,339.0718781389,0.0,0.0
2017-08-31,0.0,0.0,0.1,0.0,0.0,0.0,0.0,0.0,0.0,0.0,0.0,0.0,0.0,0.0,0.0,0.0,0.0,0.0,0.0,0.0,0.0,0.0,4.19,0.0,70.9274010176,15.993864,394.0054151565,0.0,0.0
2017-09-01,5.15,0.0,0.0,0.0,0.8,0.0,0.0,0.0,0.0,0.0,0.0,0.0,0.0,0.0,0.0,0.0,0.0,0.0,0.0,0.0,0.0,0.0,0.0,0.0,23.2614660037,5.946612,411.3202691602,0.0,0.0
2017-09-02,0.0,0.0,0.0,0.0,0.0,0.0,0.2,0.0,0.0,0.0,0.0,0.0,0.0,0.0,0.0,0.0,0.0,0.0,0.0,0.0,0.0,0.0,3.0,0.0,12.6766433323,2.2,421.7969124925,0.0,0.0
2017-09-03,0.16,0.0,2.6,0.0,5.0,0.0,0.0,0.0,0.0,0.0,0.0,0.0,0.0,0.0,0.0,0.0,0.0,0.0,0.0,0.0,0.0,0.0,6.72,0.0,17.3293825923,10.42,428.7062950848,0.0,0.0
2017-09-04,7.05,0.0,0.1,0.0,0.0,0.0,0.0,0.0,0.0,0.0,0.0,0.0,0.0,0.0,0.0,0.0,0.0,0.0,0.0,0.0,0.0,0.0,0.01,0.0,84.3443978661,4.510329,508.5403639509,0.0,0.0
2017-09-05,39.01,0.0,0.0,0.0,0.0,0.0,0.0,0.0,0.0,0.0,0.0,0.0,0.0,0.0,0.0,0.0,0.0,0.0,0.0,0.0,0.0,0.0,1.55,0.0,46.6862995917,0.670037,554.5566265426,0.0,0.0
2017-09-06,51.95,0.0,12.0,0.0,0.0,0.0,0.0,0.0,0.0,0.0,1.0,0.0,0.0,0.0,0.0,0.0,0.0,0.0,0.0,0.0,0.0,0.0,0.03,0.0,18.5926676599,16.91,556.2392942025,0.0,0.0
2017-09-07,25.0,0.0,12.1,0.0,0.5,0.0,0.0,0.0,0.0,0.0,5.0,0.0,0.0,0.0,0.0,0.0,0.0,0.0,0.0,0.0,0.0,0.0,6.09,0.0,12.2768624676,22.762124,545.7540326701,0.0,0.0
2017-09-08,16.55,0.0,0.0,0.0,5.0,0.0,0.0,0.0,0.99,0.0,5.0,0.0,0.0,0.0,0.0,0.0,0.0,0.0,0.0,0.0,0.0,0.0,0.5,0.0,10.1830882887,29.85564,526.0814809588,0.0,0.0
2017-09-09,6.0,0.0,0.0,0.0,0.0,0.0,0.0,0.0,0.0,0.0,1.0,0.0,0.0,0.0,0.0,0.0,0.9,0.0,0.0,0.0,0.0,0.0,5.52,0.0,73.809895521,0.52,599.3713764798,0.0,0.0
2017-09-10,0.0,0.0,1.8,0.0,0.0,0.0,0.0,0.0,0.0,0.0,0.0,0.0,0.0,0.0,0.0,0.0,0.0,0.0,0.0,0.0,0.0,0.0,0.0,0.0,0.6565266438,1.8,598.2279031236,0.0,0.0
2017-09-11,2.06,0.04,1.0,0.0,4.5,0.0,11.0,0.0,0.0,0.0,1.01,0.0,0.0,0.0,0.0,0.0,0.0,0.0,0.0,0.0,0.0,0.0,23.06,0.0,22.9011223694,21.707929,599.421096493,0.0,0.0
2017-09-12,34.17,10.0,0.0,0.0,5.01,0.0,0.0,0.0,0.0,0.0,0.68,0.0,0.0,0.0,0.0,0.0,0.0,0.0,0.0,0.0,0.0,0.0,4.75,0.0,50.4883872319,54.109791,595.7996927249,0.0,0.0
2017-09-13,52.41,22.0,1.0,0.0,0.0,0.0,0.0,0.0,0.0,0.0,0.0,0.0,0.0,0.0,0.0,0.0,0.0,0.0,0.0,0.0,0.0,0.0,36.01,0.0,70.5421820803,72.445106,593.8967688052,0.0,0.0
2017-09-14,67.42,11.05,0.87,0.0,3.0,0.0,0.0,0.0,0.0,0.0,0.0,0.0,0.0,0.0,0.0,0.0,0.0,0.0,0.0,0.0,0.0,0.0,20.37,0.0,40.5254554629,64.317934,570.1042902681,0.0,0.0
2017-09-15,76.96,33.06,1.42,0.0,15.0,0.0,4.0,0.0,7.5,0.0,5.0,0.0,0.0,0.0,1.0,0.0,0.0,0.0,0.0,0.0,0.0,0.0,17.55,0.0,86.0559356395,138.837848,517.3223779076,0.0,0.0
2017-09-16,47.5,16.15,0.0,0.0,2.0,0.0,0.0,0.0,0.0,0.0,0.0,0.0,0.0,0.0,0.0,0.0,0.0,0.0,0.0,0.0,0.0,0.0,0.04,0.0,26.0785955825,4.04,539.3609734901,0.0,0.0
2017-09-17,12.5,38.0,0.0,0.0,0.0,0.0,3.3,0.0,0.0,0.0,1.0,0.0,0.0,0.0,0.0,0.0,0.0,0.0,0.0,0.0,0.0,0.0,0.52,0.0,52.2331344719,4.32,587.274107962,0.0,0.0
2017-09-18,47.6,69.12,0.0,0.0,3.0,0.0,0.0,0.0,0.0,0.0,3.0,0.0,0.0,0.0,0.0,0.0,0.0,0.0,9.0,0.0,0.0,0.0,0.83,0.0,116.6403192662,74.843267,629.0711602282,0.0,0.0
2017-09-19,28.42,49.15,0.0,0.0,13.89,0.0,0.0,0.0,0.0,0.0,0.0,0.0,0.0,0.0,0.0,0.0,0.0,0.0,0.0,0.0,0.0,0.0,3.57,0.0,77.2853439505,143.451675,562.9048291787,0.0,0.0
2017-09-20,25.13,4.45,11.25,0.0,0.0,0.0,0.0,0.0,0.0,0.0,0.0,0.0,0.0,0.0,0.0,0.0,0.0,0.0,0.0,0.0,0.0,0.0,15.12,0.0,77.5180501279,74.767073,565.6558063066,0.0,0.0
2017-09-21,20.9,26.5,1.51,0.0,3.0,0.0,0.0,0.0,0.0,0.0,7.5,0.0,0.0,0.0,0.0,0.0,0.0,0.0,0.0,0.0,0.0,0.0,5.2,0.0,57.3124785519,34.721886,588.2463988585,0.0,0.0
2017-09-22,9.05,79.0,1.0,0.0,2.0,0.0,0.0,0.0,0.0,0.0,0.0,0.0,1.5,0.0,0.0,0.0,0.0,0.0,0.0,0.0,0.0,0.0,5.12,0.0,95.6208306749,35.470677,648.3965525334,0.0,0.0
2017-09-23,0.0,8.5,1.0,0.0,0.0,0.0,0.0,0.0,0.0,0.0,1.0,0.0,0.0,0.0,0.0,0.0,0.0,0.0,0.0,0.0,0.0,0.0,5.01,0.0,19.3705539358,3.01,664.7571064692,0.0,0.0
2017-09-24,17.0,26.5,0.0,0.0,0.0,0.0,0.0,0.0,0.0,0.0,0.0,0.0,0.0,0.0,0.0,0.0,0.0,0.0,0.0,0.0,0.0,0.0,0.61,0.0,33.4206352508,17.61,680.56774172,0.0,0.0
2017-09-25,9.25,0.0,1.5,0.0,10.0,0.0,0.0,0.0,0.0,0.0,0.0,0.0,0.0,0.0,0.0,0.0,0.0,0.0,0.0,0.0,0.0,0.0,0.07,0.0,43.1774374015,90.920159,632.8250201215,0.0,0.0
2017-09-26,25.43,9.0,0.0,0.0,14.0,0.0,0.0,0.0,0.0,0.0,7.5,0.0,0.0,0.0,0.0,0.0,0.0,0.0,0.0,0.0,0.0,0.0,2.15,0.0,42.2321774967,49.86659,625.1906076182,0.0,0.0
2017-09-27,20.62,11.05,0.0,0.0,9.3,0.0,0.0,0.0,0.0,0.0,0.0,0.0,0.0,0.0,0.0,0.0,0.0,0.0,0.0,0.0,0.0,0.0,1.04,0.0,41.2577151947,46.171888,620.2764348129,0.0,0.0
2017-09-28,11.2,18.0,3.0,0.0,2.0,0.0,0.0,0.0,0.0,0.0,5.0,0.0,0.0,0.0,0.0,0.0,0.0,0.0,0.0,0.0,0.0,0.0,67.72,0.0,98.4362432766,109.98415,608.7285280895,0.0,0.0
2017-09-29,29.9,22.32,15.11,0.0,1.0,0.0,0.0,0.0,0.0,0.0,0.0,0.0,0.0,0.0,0.0,0.0,0.0,0.0,0.0,0.0,0.0,0.0,23.03,0.0,68.3624560298,52.981551,624.1094331193,0.0,0.0
2017-09-30,25.7,3.5,0.22,0.0,0.4,0.0,0.0,0.0,0.0,0.0,1.2,0.0,0.0,0.0,0.0,0.0,0.0,0.0,0.0,0.0,0.0,0.0,11.85,0.0,48.3255895361,51.776405,620.6586176554,0.0,0.0
2017-10-01,13.77,14.5,0.0,0.0,5.0,0.0,0.0,0.0,5.0,0.0,0.0,0.0,0.0,0.0,0.0,0.0,0.0,0.0,0.0,0.0,0.0,0.0,12.02,0.0,47.273662864,16.07,651.8622805194,0.0,0.0
2017-10-02,19.0,0.0,0.0,0.0,0.0,0.0,0.0,0.0,0.0,0.0,0.0,0.0,0.0,0.0,0.0,0.0,0.0,0.0,0.0,0.0,0.0,0.0,11.03,0.0,9.8578690827,20.08,641.6401496021,0.0,0.0
2017-10-03,5.32,5.15,0.0,0.0,0.0,0.0,0.0,0.0,0.0,0.0,0.0,0.0,0.0,0.0,0.0,0.0,0.0,0.0,0.0,0.0,0.0,0.0,2.44,0.0,14.4056423425,5.26,650.7857919446,0.0,0.0
2017-10-04,1.02,0.0,0.0,0.0,0.5,0.0,0.0,0.0,0.0,0.0,0.0,0.0,0.0,0.0,0.0,0.0,0.0,0.0,0.0,0.0,0.0,0.0,4.25,0.0,26.8159592602,4.17,673.4317512048,0.0,0.0
2017-10-05,14.0,0.16,0.0,0.0,0.0,0.0,4.0,0.0,0.0,0.0,0.0,0.0,0.0,0.0,0.0,0.0,0.0,0.0,0.0,0.0,0.0,0.0,2.02,0.0,13.2584439448,3.72,682.9701951496,0.0,0.0
2017-10-06,1.0,7.05,20.0,0.0,3.0,0.0,0.0,0.0,0.0,0.0,0.5,0.0,0.0,0.0,0.0,0.0,0.0,0.0,0.0,0.0,0.0,0.0,0.15,0.0,17.2186608896,23.15,677.0388560392,0.0,0.0
2017-10-07,1.2,39.01,0.0,0.0,0.0,0.0,0.0,0.0,0.0,0.0,0.0,0.0,0.0,0.0,0.0,0.0,0.0,0.0,0.0,0.0,0.0,0.0,1.14,0.0,41.5106463415,1.34,717.2095023807,0.0,0.0
2017-10-08,8.3,51.95,1.0,0.0,0.0,0.0,0.0,0.0,0.0,0.0,0.0,0.0,0.0,0.0,0.0,0.0,0.0,0.0,0.0,0.0,0.0,0.0,2.04,0.0,58.8968814923,10.54,765.566383873,0.0,0.0
2017-10-09,15.21,25.0,0.4,0.0,0.0,0.0,1.0,0.0,0.0,0.0,5.0,0.0,0.0,0.0,0.0,0.0,0.0,0.0,0.0,0.0,0.0,0.0,4.45,0.0,56.5895015063,27.810525322,794.3453600573,0.0,0.0
2017-10-10,17.65,16.55,0.0,0.0,5.0,0.0,0.0,0.0,1.0,0.0,0.0,0.0,0.0,0.0,0.0,0.0,0.02,0.0,0.0,0.0,0.0,0.0,55.56,0.0,106.0271152249,164.113228,736.2592472822,0.0,0.0
2017-10-11,16.73,6.0,0.0,0.0,9.05,0.0,0.0,0.0,0.0,0.0,0.0,0.0,0.0,0.0,0.0,0.0,0.0,0.0,0.0,0.0,1.0,0.0,5.37,0.0,41.1462906692,56.431145,720.9743929514,0.0,0.0
2017-10-12,45.61,2.06,1.8,0.0,18.01,0.0,0.1,0.0,0.0,0.0,0.1,0.0,0.0,0.0,0.1,0.0,0.0,0.0,0.1,0.0,0.0,0.0,1.9,0.0,54.5101117371,60.83712,714.6473846885,0.0,0.0
2017-10-13,28.26,34.17,4.7,0.0,2.0,0.0,0.0,0.0,0.0,0.0,0.0,0.0,0.0,0.0,0.0,0.0,0.0,0.0,0.0,0.0,0.0,0.0,15.16,0.0,74.828761695,56.211444,733.2647023835,0.0,0.0
2017-10-14,14.8,52.41,0.5,0.0,0.0,0.0,0.0,0.0,0.0,0.0,0.0,0.0,0.0,0.0,0.0,0.0,0.0,0.0,0.0,0.0,0.0,0.0,0.04,0.0,58.1034437907,10.34,781.0281461742,0.0,0.0
2017-10-15,23.23,67.42,14.0,0.0,5.0,0.0,0.0,0.0,0.0,0.0,0.0,0.0,0.0,0.0,0.0,0.0,0.0,0.0,0.0,0.0,0.0,0.0,10.72,0.0,80.1928220517,23.14,838.0809682259,0.0,0.0
2017-10-16,9.36,75.96,5.0,0.0,5.94,0.0,0.0,0.0,0.0,0.0,0.0,0.0,0.0,0.0,0.0,0.0,0.0,0.0,0.0,0.0,0.0,0.0,23.12,0.0,122.3652956274,66.889664,893.5565998533,0.0,0.0
2017-10-17,57.27,48.5,48.0,0.0,0.0,0.0,0.0,0.0,0.0,0.0,5.79,0.0,0.0,0.0,0.0,0.0,0.0,0.0,0.0,0.0,0.0,0.0,23.35,0.0,86.599885848,159.071785,821.0847007013,0.0,0.0
2017-10-18,71.33,12.5,8.44,1.2,7.0,0.0,0.0,0.0,0.0,0.0,0.5,0.0,0.0,0.0,0.0,0.0,0.0,0.0,0.0,0.0,0.0,0.0,5.79,0.0,60.7459459847,91.890719,789.939927686,0.0,0.0
2017-10-19,18.24,47.6,19.6,0.0,4.98,0.0,2.0,0.0,0.0,0.0,0.0,0.0,0.0,0.0,0.0,0.0,0.0,0.0,0.0,0.0,0.0,0.0,51.51,0.0,116.6858018047,114.743944,791.8817854907,0.0,0.0
2017-10-20,31.02,28.42,40.0,0.0,0.0,0.0,0.0,0.0,0.0,0.0,2.8,0.0,0.0,0.0,0.0,0.0,1.12,0.0,0.0,0.0,0.0,0.0,34.05,0.0,77.4332150917,70.355354,798.9596465824,0.0,0.0
2017-10-21,11.56,25.13,1.02,0.0,0.0,0.0,0.0,0.0,0.0,0.0,0.0,0.0,0.0,0.0,0.0,0.0,0.0,0.0,0.0,0.0,0.0,0.0,19.05,0.0,31.0710549127,20.57,809.4607014951,0.0,0.0
2017-10-22,10.52,20.9,3.5,3.55,0.0,0.0,0.0,0.0,0.0,0.0,0.0,0.0,0.0,0.0,0.0,0.0,0.0,0.0,0.0,0.0,0.0,0.0,5.32,0.0,64.6884612826,19.32,854.8291627777,0.0,0.0
2017-10-23,15.07,9.05,0.0,1.33,0.0,0.0,0.0,0.0,0.0,0.0,0.0,0.0,0.0,0.0,0.0,0.0,0.0,0.0,0.0,0.0,0.0,0.0,10.55,0.0,56.6308404061,37.118214,874.3417891838,0.0,0.0
2017-10-24,10.27,0.0,2.35,0.0,2.0,0.0,0.0,0.0,0.0,0.0,1.19,0.0,0.0,0.0,0.0,0.0,0.0,0.0,0.0,0.0,0.0,0.0,2.16,0.0,13.8077735702,79.475976,808.673586754,0.0,0.0
2017-10-25,50.03,17.0,0.03,0.0,2.0,0.0,0.0,0.0,0.0,0.0,11.0,0.0,0.0,0.0,0.0,0.0,0.0,0.0,0.0,0.0,0.0,0.0,22.27,0.0,67.6880379664,68.637636,807.7239887204,0.0,0.0
2017-10-26,24.0,9.25,6.21,0.0,10.0,0.0,0.0,0.0,0.0,0.0,0.0,0.0,0.0,0.0,0.0,0.0,0.0,0.0,0.0,0.0,0.0,0.0,2.09,0.0,84.3515067462,30.758258,861.3172374666,0.0,0.0
2017-10-27,29.67,25.43,31.0,0.0,0.0,0.0,0.0,0.0,0.0,0.0,0.0,0.0,0.0,0.0,0.0,0.0,0.0,0.0,0.0,0.0,0.0,0.0,23.04,0.0,54.4445750748,85.754276,830.0075365414,0.0,0.0
2017-10-28,14.0,20.62,1.0,0.0,0.0,0.0,0.0,0.0,0.0,0.0,0.0,0.0,0.0,0.0,0.0,0.0,0.0,0.0,0.0,0.0,0.0,0.0,6.77,0.0,41.0871950061,21.77,849.3247315475,0.0,0.0
2017-10-29,11.5,11.2,3.03,0.0,2.01,0.0,0.0,0.0,0.0,0.0,0.0,0.0,0.0,0.0,0.0,0.0,0.0,0.0,0.0,0.0,0.0,0.0,8.04,0.0,24.1853272937,15.07,858.4400588412,0.0,0.0
2017-10-30,32.01,29.9,0.0,0.0,8.06,0.0,0.0,0.0,0.0,0.0,6.0,0.0,0.0,0.0,0.0,0.0,0.0,0.0,0.0,0.0,0.0,0.0,24.68,0.0,108.3764178142,41.915258,924.9012186554,0.0,0.0
2017-10-31,36.2,25.7,1.25,0.4,8.0,0.0,0.0,0.0,0.0,0.0,0.0,0.0,0.0,0.0,0.05,0.0,0.0,0.0,0.0,0.0,0.0,0.0,13.66,0.0,78.4341256764,88.447737,914.8876073318,0.0,0.0
2017-11-01,7.72,13.77,1.5,0.1,8.0,0.0,0.0,0.0,0.0,0.0,0.0,0.0,0.0,0.0,0.0,0.0,0.0,0.0,0.0,0.0,0.0,0.0,2.68,0.0,39.8381846214,38.531083,916.1947089532,0.1,0.0
2017-11-02,14.89,19.0,1.2,0.0,18.0,0.0,5.0,0.0,0.0,0.0,4.7,0.0,0.0,0.0,0.0,0.0,0.0,0.0,0.0,0.0,0.0,0.0,4.11,0.0,76.7391334294,49.778556,943.1552863826,0.32,0.0
2017-11-03,16.87,5.32,0.5,0.0,3.59,0.0,0.0,0.0,0.0,0.0,0.0,0.0,0.0,0.0,0.0,0.0,0.0,0.0,0.0,0.0,0.0,0.0,3.09,0.0,42.7726095108,78.549222,907.3786738934,0.01,0.0
2017-11-04,3.0,1.02,7.0,2.6,5.0,0.0,0.0,0.0,0.0,0.0,0.0,0.0,0.0,0.0,2.0,0.0,0.0,0.0,0.0,0.0,0.0,0.0,1.06,0.0,14.1963656334,16.06,905.5150395268,0.0,0.0
2017-11-05,7.23,14.0,3.0,0.1,0.0,0.0,0.0,0.0,0.0,0.0,12.0,0.0,0.0,0.0,0.0,0.0,0.0,0.0,0.0,0.0,0.0,0.0,2.5,0.0,24.4117891811,23.03,906.8968287079,0.3,0.0
2017-11-06,14.76,1.0,0.7,0.0,0.0,0.0,0.0,0.0,0.0,0.0,0.0,0.0,0.0,0.0,0.0,0.0,0.0,0.0,0.0,0.0,0.0,0.0,1.38,0.0,65.2833151395,29.161149,943.0189948474,0.1,0.0
2017-11-07,7.05,1.2,14.0,12.0,1.5,0.0,0.0,0.0,0.0,0.0,0.0,0.0,0.0,0.0,0.0,0.0,0.0,0.0,0.0,0.0,0.0,0.0,1.59,0.0,63.6401739884,71.722512,934.9366568358,0.0,0.0
2017-11-08,1.64,8.3,1.01,12.1,1.0,0.0,0.0,0.0,0.0,0.0,0.0,0.0,0.0,0.0,0.0,0.0,0.0,0.0,0.0,0.0,0.0,0.0,0.05,0.0,64.1293167415,54.566137,944.4998365773,0.25,0.0
2017-11-09,27.04,15.21,2.0,0.0,8.0,0.0,0.0,0.0,0.0,0.0,7.0,0.0,0.0,0.0,0.0,0.0,0.0,0.0,0.0,0.0,0.0,0.0,0.69,0.0,50.5266729881,87.691516,907.3349935654,0.0,0.0
2017-11-10,31.49,17.65,1.0,0.0,1.0,0.0,0.0,0.0,0.0,0.0,15.0,0.0,0.0,0.0,0.0,0.0,0.0,0.0,0.0,0.0,0.0,0.0,41.05,0.0,55.6834030696,98.706815,864.311581635,0.15,0.0
2017-11-11,18.0,16.73,1.0,2.8,0.0,0.0,0.0,0.0,0.0,0.0,0.0,0.0,0.0,0.0,1.0,0.0,0.0,0.0,0.0,0.0,0.0,0.0,14.05,0.0,44.5535325071,26.67,882.1951141421,0.12,0.0
2017-11-12,4.6,45.61,1.4,0.0,1.0,10.0,0.0,0.0,0.0,0.0,2.0,0.0,0.0,0.0,0.0,0.0,0.0,0.0,0.0,0.0,0.0,0.0,3.51,0.0,76.5464216441,12.83,945.9115357862,1.32,0.0
2017-11-13,23.82,28.26,2.1,1.0,0.0,0.0,0.0,0.0,0.0,0.0,21.56,0.0,0.0,0.0,0.0,0.0,0.0,0.0,0.0,0.0,0.0,0.0,49.16,0.0,97.6069444247,98.992212,944.5262682109,0.0,0.0
2017-11-14,63.61,14.8,6.85,0.87,2.0,0.0,0.0,0.0,0.0,0.0,1.0,0.0,0.0,0.0,0.0,0.0,0.0,0.0,0.0,0.0,0.0,0.0,24.85,0.0,139.6719436155,116.448114,967.7500978264,0.1,0.0
2017-11-15,30.98,23.23,8.5,1.42,0.01,3.0,0.0,0.0,0.0,0.0,0.0,0.0,0.0,0.0,2.94,0.0,0.0,0.0,0.0,0.0,0.5,0.0,66.55,0.0,68.5416433957,142.127982,894.1637592221,0.62,0.0
2017-11-16,21.92,9.36,0.05,0.0,0.2,0.0,0.0,0.0,0.0,0.0,10.0,0.0,0.0,0.0,1.0,0.0,0.0,0.0,0.0,0.0,0.0,0.0,18.14,0.0,40.685721381,61.523165,873.3263156031,1.22,0.0
2017-11-17,18.5,57.27,2.95,0.0,11.0,1.6,0.0,0.0,0.0,0.0,0.0,0.0,0.0,0.0,0.0,0.0,0.0,0.0,0.0,0.0,0.0,0.0,12.22,0.0,109.4669597911,52.153381,930.6398943942,0.02,0.0
2017-11-18,18.29,71.33,5.0,0.0,0.0,0.0,0.0,0.0,0.0,0.0,0.0,0.0,0.0,0.0,0.0,0.0,0.0,0.0,0.0,0.0,0.0,0.0,7.5,0.0,85.1024183533,21.69,994.0523127475,0.0,0.0
2017-11-19,18.97,18.24,0.0,0.0,0.0,0.0,0.0,0.0,0.15,0.0,0.0,0.0,0.0,0.0,0.0,0.0,0.0,0.0,0.0,0.0,0.0,0.0,0.77,0.0,42.2792659434,10.26,1026.0715786909,0.1,0.0
2017-11-20,24.66,31.02,1.6,11.25,32.1,0.0,0.0,0.0,0.0,0.0,0.0,0.0,0.0,0.0,0.0,0.0,0.0,0.0,0.0,0.0,0.0,0.0,3.38,0.0,72.4562442449,70.43619,1028.0916329358,0.41,0.0
2017-11-21,9.9,11.56,1.35,1.51,2.3,6.3,1.5,0.0,0.0,0.0,2.32,0.0,0.0,0.0,0.0,0.0,0.0,0.0,0.0,0.0,0.0,0.0,8.38,0.0,35.0130625876,96.155128,966.9495675234,2.0,0.0
2017-11-22,9.34,10.52,3.0,1.0,0.3,3.0,0.0,0.0,0.0,0.0,11.57,0.0,0.0,0.0,0.0,0.0,0.0,0.0,0.0,0.0,0.0,0.0,0.07,0.0,41.7425964505,51.860408,956.8317559739,0.4,0.0
2017-11-23,6.81,15.07,0.0,1.0,0.0,6.7,0.0,0.0,0.0,0.0,0.0,0.0,0.0,0.0,0.0,0.0,0.0,0.0,0.0,0.0,0.0,0.0,0.7,0.0,43.8814732996,17.815489,982.8977402735,0.02,0.0
2017-11-24,11.96,10.27,2.1,0.0,0.0,0.0,0.0,0.0,0.0,0.0,0.0,0.0,0.0,0.0,0.0,0.0,5.56,0.0,0.0,0.0,0.0,0.0,4.21,0.0,60.1092594641,26.40216,1016.6048397376,0.05,0.0
2017-11-25,30.03,50.03,1.64,1.5,5.0,0.0,0.0,0.0,0.0,0.0,1.0,0.0,0.0,0.0,0.0,0.0,0.0,0.0,0.0,0.0,0.0,0.0,4.56,0.0,67.3859992037,26.58,1057.4108389413,0.75,0.0
2017-11-26,4.0,24.0,0.0,0.0,15.0,0.0,0.0,0.0,0.0,0.0,0.0,0.0,0.0,0.0,0.0,0.0,0.0,0.0,0.0,0.0,0.0,0.0,0.06,0.0,29.534850916,16.16,1070.7856898573,0.0,0.0
2017-11-27,45.26,29.67,2.0,0.0,1.0,0.0,0.0,0.0,5.0,0.0,0.0,0.0,0.0,0.0,0.0,0.0,0.0,0.0,0.0,0.0,0.0,0.0,8.14,0.0,57.7348682447,63.037417,1065.483141102,0.03,0.1
2017-11-28,53.62,14.0,2.1,3.0,8.0,1.0,6.0,0.0,0.0,0.0,0.0,0.0,0.0,0.0,0.0,0.0,0.0,0.0,0.0,0.0,0.0,0.0,5.19,0.0,50.7803580249,134.379078,981.8844211269,0.06,0.0
2017-11-29,10.52,11.5,2.5,15.11,9.5,5.0,0.5,0.0,0.0,0.0,1.0,0.0,0.0,0.0,0.0,0.0,0.0,0.0,0.0,0.0,0.0,0.0,4.07,0.0,72.4245634072,31.518699,1022.7902855341,0.0,0.02
2017-11-30,14.96,32.01,0.0,0.22,0.0,0.0,7.0,0.0,0.0,0.0,7.05,0.0,0.0,0.0,0.0,0.0,0.0,0.0,0.0,0.0,0.0,0.0,2.65,0.0,71.300547845,74.094862,1019.9959713791,0.0,0.0
2017-12-01,42.56,36.2,4.41,0.0,6.7,0.0,0.0,0.0,0.0,0.0,0.0,0.0,0.0,0.0,0.0,0.0,0.0,0.0,0.0,0.0,0.0,0.0,0.06,0.0,55.7752501052,58.499736,1017.2714854843,0.07,0.3
2017-12-02,21.34,7.72,0.0,0.0,0.0,0.8,0.0,0.0,0.0,0.0,0.0,0.0,0.0,0.0,0.8,0.0,0.0,0.0,0.0,0.0,0.0,0.0,2.55,0.0,18.2461761453,18.82,1016.6976616296,0.34,0.0
2017-12-03,6.85,14.89,0.6,0.0,1.1,0.0,0.0,0.0,0.0,0.0,0.0,0.0,0.0,0.0,0.0,0.0,0.0,0.0,0.0,0.0,0.0,0.0,0.06,0.0,20.8605971855,2.91,1034.6482588151,0.0,0.0
2017-12-04,69.84,16.87,2.17,0.0,5.0,5.0,0.0,0.0,0.0,0.0,3.33,0.0,0.0,0.0,0.0,0.0,0.07,0.0,0.0,0.0,0.0,0.0,3.05,0.0,72.3600042539,159.322762,947.685501069,0.0,0.0
2017-12-05,12.65,3.0,1.0,0.0,2.0,0.0,5.11,0.0,0.0,0.0,0.0,0.0,0.0,0.0,0.0,0.0,0.0,0.0,0.0,0.0,0.0,0.0,5.38,0.0,21.1191323491,51.765941,917.0386924181,0.0,0.0
2017-12-06,33.3,7.23,5.0,20.0,0.0,0.0,5.0,0.0,0.0,0.0,0.0,0.0,0.0,0.0,0.0,0.0,0.03,0.0,0.0,0.0,0.0,0.0,4.35,0.0,46.5419154854,45.67371,917.9068979035,0.1,0.0
2017-12-07,6.09,14.76,0.0,0.0,0.0,0.0,0.0,0.0,0.0,0.0,0.02,0.0,0.0,0.0,0.0,0.0,0.0,0.0,0.0,0.0,0.0,0.0,2.25,0.0,24.0731037998,28.784416,913.1955857033,0.0,0.0
2017-12-08,17.43,7.05,1.0,1.0,0.0,0.5,0.0,0.0,0.0,0.0,0.02,0.0,0.0,0.0,0.0,0.0,0.0,0.0,0.0,0.0,0.0,0.0,10.1,0.0,32.5871666763,43.288997,902.4937553796,0.25,0.0
2017-12-09,3.24,1.64,1.0,0.4,0.0,5.0,0.0,0.0,0.0,0.0,0.0,0.0,0.0,0.0,0.0,0.0,0.0,0.0,0.0,0.0,0.0,0.0,0.04,0.0,17.8177165388,3.78,916.5314719184,0.0,1.3
2017-12-10,6.01,27.04,2.0,0.0,2.0,0.0,0.0,0.0,0.0,0.0,0.0,0.0,0.0,0.0,0.0,0.0,0.0,0.0,0.0,0.0,0.0,0.0,2.33,0.0,35.8907016208,7.84,944.5821735392,0.15,0.0
2017-12-11,39.43,31.49,1.02,0.0,2.0,4.5,0.0,0.0,0.0,0.0,0.0,0.0,0.0,0.0,0.0,0.0,0.0,0.0,0.0,0.0,0.0,0.0,2.05,0.0,92.0729131276,62.022923,974.6321636668,0.53,0.02
2017-12-12,6.64,18.0,0.0,1.8,2.0,5.01,0.0,0.0,0.0,0.0,0.04,0.0,0.0,0.0,0.0,0.0,0.0,0.0,0.0,0.0,0.0,0.0,0.05,0.0,50.1854661824,113.533173,911.2844568492,0.03,0.0
2017-12-13,44.06,4.6,4.45,4.7,0.0,0.0,0.0,0.0,0.0,0.0,0.0,0.0,0.0,0.0,0.0,0.0,0.0,0.0,0.0,0.0,0.0,0.0,1.84,0.0,89.4362194287,119.694062,881.0266142779,0.0,0.2
2017-12-14,40.55,23.82,0.53,0.5,7.59,3.0,0.0,0.2,0.0,0.0,0.0,0.0,0.0,0.0,0.0,0.0,0.0,0.0,0.0,0.0,0.0,0.0,2.75,0.0,81.946576634,63.90259,899.0706009119,0.1,0.0
2017-12-15,58.01,63.61,10.2,14.0,0.0,15.0,0.0,3.2,0.0,0.0,0.0,0.0,0.0,0.0,0.0,0.0,0.0,0.0,0.0,0.0,0.0,0.0,10.65,0.0,151.6225252915,103.89352,946.7996062034,0.85,0.01
2017-12-16,4.01,30.98,5.6,5.0,0.0,2.0,0.0,0.0,0.0,0.0,0.02,0.0,0.0,0.0,0.0,0.0,0.0,0.0,0.0,0.0,0.0,0.0,2.14,0.0,48.1068218806,12.71,982.196428084,0.94,0.02
2017-12-17,7.94,21.92,1.1,48.0,0.0,0.0,0.0,1.0,0.0,0.0,0.0,0.0,0.0,0.0,0.0,0.0,0.0,0.0,0.0,0.0,0.0,0.0,6.06,0.0,80.9417037445,8.33,1054.8081318285,0.02,0.0
2017-12-18,35.27,18.5,1.65,8.44,1.1,3.0,20.0,0.0,0.0,0.0,0.06,0.0,0.0,0.0,0.0,0.0,0.0,0.0,0.0,0.0,0.0,0.0,62.08,0.0,155.6242371698,134.576751,1075.8556179983,0.0,0.0
2017-12-19,8.41,18.29,2.1,19.6,2.0,13.89,0.0,0.0,0.0,0.0,0.0,0.0,0.0,0.0,0.0,0.0,0.0,0.0,0.0,0.0,0.0,0.0,5.35,0.0,108.6840377034,147.276578,1037.2630777017,0.11,2.0
2017-12-20,19.83,18.97,20.02,40.0,20.0,0.0,0.0,0.0,5.0,0.0,0.05,0.0,0.0,0.0,0.0,0.0,0.0,0.0,4.0,0.0,0.0,0.0,10.75,0.0,84.6173780186,88.564769,1033.3156867203,2.38,0.05
2017-12-21,28.62,24.66,12.03,1.02,1.19,3.0,0.0,0.0,0.0,0.0,0.05,0.0,0.0,0.0,0.0,0.0,0.0,0.0,0.0,0.0,0.0,0.0,42.61,0.0,48.4823351691,99.531828,982.2661938894,0.0,0.0
2017-12-22,2.11,9.9,1.5,3.5,8.0,2.0,1.23,0.0,0.0,0.0,0.54,0.0,0.0,0.0,0.0,0.0,0.0,0.0,0.0,0.0,0.0,0.0,11.18,0.0,57.3432790457,68.273803,971.3356699351,0.41,0.0
2017-12-23,6.37,9.34,5.0,0.0,0.0,0.0,0.0,0.0,0.0,0.0,0.0,0.0,0.0,0.0,0.0,0.0,0.0,0.0,0.0,0.0,0.0,0.0,0.06,0.0,24.1908391549,11.45,984.07650909,0.02,0.0
2017-12-24,3.57,6.81,0.0,2.35,0.0,0.0,0.0,0.0,0.0,0.0,0.0,0.0,0.0,0.0,0.0,0.0,0.0,0.0,0.0,0.0,0.0,0.0,0.05,0.0,13.5745567577,3.62,994.0310658477,0.0,0.0
2017-12-25,1.53,11.96,0.0,0.03,0.0,10.0,0.03,0.0,0.0,0.0,0.05,0.0,0.0,0.0,0.0,0.0,0.0,0.0,0.0,0.0,0.0,0.0,1.1,0.0,48.9799540044,29.12545,1013.8855698521,0.3,0.0
2017-12-26,43.37,30.03,0.5,6.21,0.0,14.0,0.0,0.0,0.0,0.0,4.2,0.0,0.0,0.0,0.0,0.0,0.0,0.0,0.0,0.0,0.0,0.0,6.34,0.0,61.588921306,92.113953,983.3605381581,2.6,0.0
2017-12-27,4.61,4.0,1.5,31.0,2.49,9.3,0.0,0.0,0.0,0.0,5.06,0.0,0.0,0.0,0.0,0.0,0.0,0.0,0.0,0.0,0.0,0.0,5.12,0.0,61.8548189631,78.170387,967.0449701212,0.08,0.0
2017-12-28,22.26,45.26,0.0,1.0,12.28,2.0,0.0,0.0,0.0,0.0,0.5,0.0,0.0,0.0,0.0,0.0,0.0,0.0,0.0,0.0,0.0,0.0,6.06,0.0,74.8176602916,65.37178,976.4908504128,0.41,0.0
2017-12-29,17.01,53.62,0.03,3.03,0.0,1.0,0.0,0.0,0.0,0.0,0.3,0.0,0.0,0.0,0.0,0.0,0.0,0.0,0.0,0.0,0.0,0.0,9.9,0.0,163.1496193465,64.980165,1074.6603047593,0.0,0.0
2017-12-30,16.22,10.52,0.0,0.0,0.0,0.4,0.0,0.0,0.0,0.0,0.0,0.0,0.0,0.0,0.0,0.0,0.0,0.0,0.0,0.0,0.0,0.0,0.24,0.0,21.2134213334,12.26,1083.6137260927,0.0,0.0
2017-12-31,13.81,14.96,0.0,1.25,0.0,5.0,1.5,0.0,0.0,0.0,0.0,0.0,0.0,0.0,0.0,0.0,0.0,0.0,0.0,0.0,0.0,0.0,1.01,0.0,23.2686477994,15.82,1091.0623738921,0.0,0.0
2018-01-01,1.47,42.56,5.0,1.5,0.0,0.0,0.0,0.0,0.0,0.0,0.5,0.0,0.0,0.0,0.0,0.0,0.0,0.0,0.0,0.0,0.0,0.0,0.51,0.0,46.4595471831,7.53,1129.9919210752,0.06,0.0
2018-01-02,5.61,21.34,2.6,1.2,0.0,0.0,0.0,0.2,0.0,0.0,0.0,0.0,0.0,0.0,0.0,0.0,0.0,0.0,0.0,0.0,0.0,0.0,0.04,0.0,125.0293950055,37.666331,1217.3549850807,0.34,0.0
2018-01-03,27.61,6.85,0.0,0.5,21.5,0.5,2.02,0.0,0.0,0.0,10.0,0.0,0.0,0.0,0.0,0.0,0.0,0.0,0.0,0.0,0.0,0.0,10.07,0.0,16.5959084854,118.375779,1115.5751145661,0.0,0.0
2018-01-04,19.61,69.84,0.0,7.0,21.0,0.0,0.5,0.0,0.0,0.0,2.0,0.0,0.0,0.0,0.0,0.0,0.0,0.0,0.0,0.0,0.0,0.0,3.02,0.0,95.4024745949,167.622895,1043.354694161,0.0,0.0
2018-01-05,5.73,12.65,6.0,3.0,23.31,3.0,0.0,0.0,0.0,0.0,0.0,0.0,0.0,0.0,0.1,0.0,0.0,0.0,0.0,0.0,0.0,0.0,5.35,0.0,59.8063398691,85.596058,1017.5649760301,0.0,0.0
2018-01-06,0.74,33.3,0.6,0.7,28.0,0.0,0.0,0.0,0.0,0.0,0.7,0.0,0.0,0.0,0.0,0.0,0.0,0.0,0.0,0.0,0.0,0.0,1.75,0.0,62.7851284579,31.39,1048.960104488,0.3,0.41
2018-01-07,2.91,6.09,1.0,14.0,0.0,0.0,0.0,0.0,0.0,0.0,0.0,0.0,0.0,0.0,0.0,0.0,0.0,0.0,0.0,0.0,0.0,0.0,22.24,0.0,50.9952801434,24.45,1075.5053846314,0.0,0.0
2018-01-08,3.14,17.43,0.0,1.01,0.0,0.0,4.0,0.0,4.0,0.0,3.6,0.0,0.0,0.0,0.0,0.0,0.0,0.0,0.0,0.0,0.0,0.0,0.54,0.0,31.2926659516,23.606313,1083.191737583,0.25,0.2
2018-01-09,32.05,3.24,5.0,2.0,32.02,5.0,0.0,0.0,0.0,0.0,5.0,0.0,0.0,0.0,0.0,0.0,0.0,0.0,0.0,0.0,0.0,0.0,3.01,0.0,50.6762989378,294.512878,839.3551585208,0.0,0.0
2018-01-10,7.56,6.01,20.5,1.0,25.0,9.05,0.96,1.0,0.0,0.0,10.12,0.0,0.0,0.0,0.0,0.0,0.0,0.0,0.0,0.0,0.0,0.0,1.54,0.0,56.4254117046,70.009495,825.7710752254,0.22,0.0
2018-01-11,34.93,39.43,23.0,1.0,32.0,18.01,8.76,10.0,0.0,0.0,6.74,0.0,0.0,0.0,0.0,0.0,0.0,0.0,0.0,0.0,0.0,0.0,1.14,0.0,104.7667156095,105.333339,825.2044518349,0.12,0.1
2018-01-12,11.02,6.64,33.52,1.4,16.23,2.0,0.0,0.0,0.0,0.0,0.05,0.0,0.0,0.0,0.0,0.0,0.0,0.0,0.0,0.0,0.0,0.0,20.14,0.0,58.9429977604,90.31048,793.8369695953,0.04,0.0
2018-01-13,2.97,44.06,34.0,2.1,0.0,0.0,0.0,0.0,0.0,0.0,0.5,0.0,0.0,0.0,0.0,0.0,0.0,0.0,0.0,0.0,0.0,0.0,24.07,0.0,74.5566565002,61.65,806.7436260955,0.12,0.0
2018-01-14,1.23,40.55,0.27,6.85,0.15,5.0,0.0,4.0,0.0,0.0,10.4,0.0,0.0,0.0,0.0,0.0,0.0,0.0,0.0,0.0,0.0,0.0,10.04,0.0,75.8187724729,22.09,860.4723985684,0.1,0.0
2018-01-15,9.62,58.01,0.0,8.5,5.0,5.94,0.0,0.0,24.32,0.0,12.0,0.0,0.0,0.0,0.0,0.0,0.0,0.0,0.0,0.0,0.0,0.0,11.65,0.0,98.4216725966,88.554735,870.339336165,1.11,0.0
2018-01-16,24.89,4.01,65.73,0.05,2.58,0.0,0.58,3.3,0.21,0.0,9.0,0.0,0.0,0.0,0.0,0.0,0.0,0.0,0.0,0.0,0.0,0.0,1.54,0.0,47.8016706514,154.985751,763.1552558164,1.51,0.0
2018-01-17,27.8,7.94,3.4,2.95,0.0,7.0,0.0,0.0,0.0,0.0,2.0,0.0,0.0,0.0,0.0,0.0,0.0,0.0,0.0,0.0,0.0,0.0,0.04,0.0,35.5139751986,44.421666,754.247565015,0.02,0.0
2018-01-18,28.86,35.27,17.0,5.0,7.8,4.98,0.0,0.0,0.0,0.0,10.0,0.0,0.0,0.0,0.17,0.0,0.0,0.0,0.0,0.0,8.0,0.0,4.83,0.0,93.1277154313,101.000206,746.3750744463,0.0,0.0
2018-01-19,4.26,8.41,6.78,0.0,7.1,0.0,0.0,0.0,0.0,0.0,0.0,0.0,0.0,0.0,0.0,0.0,0.0,0.0,0.0,0.0,0.0,0.0,15.18,0.0,24.5440993353,34.593221,736.3259527816,0.11,0.0
2018-01-20,3.63,19.83,0.15,1.6,0.0,0.0,0.0,0.0,0.0,0.0,0.02,0.0,0.0,0.0,0.0,0.0,0.0,0.0,0.0,0.0,0.0,0.0,0.14,0.0,22.7238784858,6.05,752.9998312674,2.11,0.01
2018-01-21,8.31,28.62,1.0,1.35,0.0,0.0,1.5,0.0,0.0,0.0,5.57,0.0,0.0,0.0,0.5,0.0,0.0,0.0,0.0,0.0,0.0,0.0,10.04,0.0,47.3294609381,22.92,777.4092922055,0.0,2.8
2018-01-22,10.06,2.11,24.0,3.0,0.0,0.0,0.0,0.0,0.0,0.0,0.0,0.0,0.0,0.0,0.08,0.0,0.0,0.0,0.0,0.0,0.0,0.0,6.65,0.0,39.4372248285,52.533823,764.312694034,0.41,0.0
2018-01-23,16.24,6.37,0.0,0.0,7.0,2.0,0.0,0.0,0.0,0.0,8.0,0.0,0.0,0.0,0.0,0.0,0.0,0.0,0.0,0.0,0.0,0.0,1.05,0.0,42.0371155544,75.20076,731.1490495884,0.02,0.0
2018-01-24,6.03,3.57,2.0,2.1,1.53,2.0,0.0,0.0,0.0,0.0,5.13,0.0,0.0,0.0,0.0,0.0,0.0,0.0,0.0,0.0,0.0,0.0,5.05,0.0,21.3733494855,22.958101,729.5642980739,0.05,0.0
2018-01-25,7.38,1.53,0.0,1.64,14.0,10.0,3.0,0.0,0.0,0.0,0.04,0.0,0.0,0.0,0.0,0.0,0.0,0.0,0.0,0.0,0.0,0.0,0.06,0.0,44.9643440609,31.482713,743.0459291348,0.7,0.15
2018-01-26,4.0,43.37,0.0,0.0,14.0,0.0,0.0,0.0,0.0,0.0,7.26,0.0,0.0,0.0,0.0,0.0,0.0,0.0,0.0,0.0,0.0,0.0,2.07,0.0,60.247257869,32.544249,770.7489380038,0.0,0.0
2018-01-27,0.0,4.61,0.0,2.0,17.0,0.0,0.0,0.0,0.0,0.0,0.0,0.0,0.0,0.0,0.0,0.0,0.0,0.0,0.0,0.0,0.0,0.0,1.04,0.0,9.406533239,18.12,762.0354712428,0.08,0.0
2018-01-28,5.0,22.26,9.01,2.1,0.0,2.01,0.0,0.0,3.0,0.0,0.06,0.0,0.0,0.0,0.0,0.0,0.0,0.0,0.0,0.0,0.0,0.0,0.05,0.0,30.167114842,12.47,779.7325860848,0.35,0.01
2018-01-29,18.25,17.01,0.0,2.5,4.0,8.06,0.0,0.0,0.0,0.0,0.42,0.0,0.0,0.0,0.0,0.0,0.0,0.0,0.0,0.0,1.0,0.0,10.04,0.0,50.1277923766,30.586826,799.2735524614,0.0,0.0
2018-01-30,1.0,16.22,0.0,0.0,0.0,8.0,0.0,0.0,0.0,0.0,0.0,0.0,0.0,0.0,0.0,0.0,0.0,0.0,0.0,0.0,0.0,0.0,16.04,0.0,90.1469317466,36.63243,852.788054208,0.0,0.0
2018-01-31,10.91,13.81,2.0,4.41,4.0,8.0,4.6,0.0,0.0,0.0,0.44,0.0,0.0,0.0,0.0,0.0,0.0,0.0,0.0,0.0,0.0,0.0,14.37,0.0,70.3706705141,39.886551,883.2721737221,0.0,0.0
2018-02-01,0.0,1.47,2.0,0.0,4.4,18.0,0.0,0.0,0.0,0.0,0.0,0.0,0.0,0.0,0.0,0.0,0.0,0.0,0.0,0.0,0.0,0.0,3.04,0.0,55.0884916376,14.372833,923.9878323597,0.06,0.01
2018-02-02,26.61,5.61,0.0,0.6,0.0,3.59,0.0,0.0,0.0,0.0,1.0,0.0,0.0,0.0,0.0,0.0,0.0,0.0,0.0,0.0,0.0,0.0,0.04,0.0,25.1569333912,76.807123,872.3376427509,0.44,0.0
2018-02-03,1.21,27.61,1.1,2.17,0.0,5.0,0.0,4.0,0.0,0.0,0.0,0.0,0.0,0.0,0.0,0.0,0.0,0.0,0.0,0.0,0.0,0.0,0.54,0.0,46.0198490899,2.84,915.5174918408,0.0,0.0
2018-02-04,20.85,19.61,17.3,1.0,0.0,0.0,0.0,0.0,0.0,0.0,0.1,0.0,0.0,0.0,0.0,0.0,0.0,0.0,0.0,0.0,0.0,0.0,6.19,0.0,35.5042670354,40.14,910.8817588762,0.0,0.0
2018-02-05,19.11,5.73,1.0,5.0,3.0,0.0,0.0,0.0,0.0,0.0,0.65,0.0,0.0,0.0,0.0,0.0,0.0,0.0,0.0,0.0,0.0,0.0,4.85,0.0,40.8588096241,71.367493,880.3730755003,0.0,0.0
2018-02-06,3.6,0.74,10.07,0.0,0.0,1.5,0.0,0.0,0.0,0.0,9.4,0.0,0.1,0.0,0.0,0.0,0.0,0.0,0.0,0.0,0.0,0.0,0.77,0.0,13.8731276511,49.460122,844.7860811514,0.3,0.0
2018-02-07,4.6,2.91,1.2,1.0,5.0,1.0,0.0,1.0,0.27,0.99,1.2,0.0,0.16,0.0,0.0,0.0,0.0,0.0,0.0,0.0,0.0,0.0,2.0,0.0,18.9162498837,63.007219,800.6951120351,0.0,0.06
2018-02-08,3.0,3.14,15.0,1.0,6.55,8.0,0.52,0.0,0.15,0.0,3.13,0.0,0.71,0.0,0.56,0.0,0.55,0.0,0.55,0.0,0.54,0.0,2.58,0.0,32.3632165548,60.002029,773.0562995899,0.25,0.0
2018-02-09,2.95,32.05,6.22,2.0,7.2,1.0,0.0,0.0,0.0,0.0,4.0,0.0,0.0,0.0,0.0,0.0,0.0,0.0,0.0,0.0,0.0,0.0,8.23,0.0,51.3027983758,35.493103,788.8659949657,0.0,0.0
2018-02-10,5.6,7.56,9.07,1.02,6.0,0.0,0.0,0.1,0.0,0.0,2.0,0.0,0.0,0.0,0.0,0.0,0.0,0.0,0.0,0.0,0.0,0.0,2.2,0.0,14.4254187317,24.03,779.2614136974,0.22,0.1
2018-02-11,0.0,34.93,46.65,0.0,0.0,1.0,0.0,0.0,0.0,0.0,0.0,0.0,0.0,0.0,0.0,0.0,0.0,0.0,0.0,0.0,0.0,0.0,0.14,0.0,47.0554571285,56.847981,769.4688898259,0.1,0.0
2018-02-12,0.33,11.02,15.1,4.45,3.0,0.0,0.0,0.0,0.0,0.0,0.1,0.0,0.0,0.0,0.0,0.0,0.0,0.0,0.0,0.0,0.0,0.0,3.46,0.0,30.2088829915,35.40887,764.2689028174,0.05,0.1
2018-02-13,27.6,2.97,19.95,0.53,2.0,2.0,0.0,0.0,0.0,7.5,10.0,0.0,0.0,0.0,0.0,0.0,0.0,0.0,0.0,0.0,0.0,0.0,16.1,0.0,39.2470978269,72.45032,731.0656806443,0.02,1.5
2018-02-14,10.7,1.23,11.87,10.2,2.0,0.01,0.0,0.0,0.0,0.0,0.0,1.0,0.0,0.0,0.0,0.0,0.0,0.0,0.0,0.0,0.0,0.0,5.08,0.0,40.9225764564,80.186462,691.8017951007,0.1,0.0
2018-02-15,7.4,9.62,3.4,5.6,0.0,0.2,0.0,0.0,0.0,0.0,2.0,0.1,0.0,0.0,0.0,0.0,0.0,0.0,0.0,0.0,0.0,0.0,4.24,0.0,25.0838093603,16.59,700.295604461,0.8,0.0
2018-02-16,14.32,24.89,3.2,1.1,0.0,11.0,0.0,0.0,0.0,0.0,0.0,0.0,0.0,0.0,0.0,0.0,0.0,0.0,0.0,0.0,0.0,0.0,2.14,0.0,41.1829062918,20.67,720.8085107528,1.01,0.04
2018-02-17,3.0,27.8,20.01,1.65,0.03,0.0,0.0,2.0,0.0,0.0,0.0,0.0,0.0,0.0,0.0,0.0,0.0,0.0,0.0,0.0,0.0,0.0,2.21,0.0,36.3398918399,23.26,733.8884025927,0.01,0.3
2018-02-18,18.46,28.86,4.21,2.1,0.0,0.0,0.0,0.0,0.0,0.0,0.0,1.0,0.0,0.0,0.0,0.0,0.0,0.0,0.0,0.0,0.0,0.0,0.24,0.0,37.1115071687,23.11,747.8899097614,0.2,0.0
2018-02-19,0.9,4.26,0.66,20.02,0.19,32.1,0.0,0.0,0.0,0.0,0.0,0.0,0.0,0.0,0.0,0.0,0.0,0.0,0.0,0.0,0.0,0.0,0.04,0.0,63.0716192236,1.8,809.161528985,0.01,0.0
2018-02-20,4.23,3.63,1.32,12.03,6.0,2.3,0.0,0.0,0.0,0.0,2.25,0.0,0.0,0.0,0.0,0.0,0.0,0.0,0.0,0.0,0.0,0.0,2.54,0.0,23.624279046,18.72,814.065808031,2.38,0.0
2018-02-21,1.0,8.31,11.14,1.5,25.0,0.3,2.0,0.0,0.0,0.0,0.0,0.0,0.0,0.0,0.0,0.0,1.25,0.0,0.0,0.0,0.0,0.0,0.37,0.0,15.8522384568,40.75,789.1680464878,0.0,0.01
2018-02-22,0.4,10.06,1.47,5.0,1.2,0.0,0.0,0.0,0.0,0.0,1.05,3.0,0.0,0.0,0.0,0.0,0.0,0.0,0.0,0.0,0.0,0.0,0.05,0.0,36.0605197982,29.732969,795.495597286,0.41,0.0
2018-02-23,15.4,16.24,6.21,0.0,0.0,0.0,0.0,0.0,0.0,0.0,0.0,0.0,0.0,0.0,0.0,0.0,0.0,0.0,0.03,0.0,0.0,0.0,4.35,0.0,43.7933071131,53.752734,785.5361703991,0.02,0.0
2018-02-24,3.5,6.03,4.36,0.0,1.0,5.0,0.5,0.0,0.0,0.0,0.2,0.0,0.0,0.0,0.0,0.0,0.0,0.0,0.0,0.0,0.0,0.0,4.83,0.0,31.1914543732,24.645674,792.0819507723,0.05,0.0
2018-02-25,0.1,7.38,0.16,0.5,0.0,15.0,0.0,0.0,0.0,0.0,0.9,0.0,0.0,0.0,0.0,0.0,0.0,0.0,0.0,0.0,0.0,0.0,0.04,0.0,33.9222192766,1.9,824.1041700489,0.7,0.0
2018-02-26,1.6,4.0,11.05,1.5,1.4,1.0,1.8,0.0,0.0,0.0,1.0,0.0,0.0,0.0,0.0,0.0,0.0,0.0,0.0,0.0,0.0,0.0,13.14,0.0,27.6601341125,36.885302,814.8790021614,0.2,0.1
2018-02-27,6.11,0.0,1.05,0.0,0.0,8.0,0.05,0.0,0.0,0.0,0.0,0.0,0.0,0.0,0.0,0.0,0.0,0.0,0.0,0.0,0.0,0.0,16.44,0.0,138.6480645914,54.625375,898.9016917528,0.08,0.0
2018-02-28,1.05,5.0,5.5,0.03,7.13,9.5,3.0,0.0,3.0,0.0,3.13,0.0,0.0,0.0,0.44,0.0,0.0,0.0,0.0,0.0,0.0,0.0,5.06,0.0,161.650096783,47.186108,1013.3656805358,0.51,0.0
2018-03-01,3.51,18.25,7.31,0.0,7.0,0.0,0.1,0.0,0.0,5.0,0.0,0.0,0.0,0.0,0.0,0.0,0.0,0.0,0.0,0.0,0.0,0.0,21.99,0.0,136.4065342346,146.84109,1002.9311247704,1.26,0.0
2018-03-02,0.56,1.0,1.65,0.0,0.0,6.7,0.0,0.0,0.0,0.0,0.27,0.0,0.0,0.0,0.0,0.0,0.0,0.0,0.0,0.0,0.0,0.0,2.48,0.0,141.6325656994,123.95945,1020.6042404698,0.54,0.0
2018-03-03,16.01,10.91,0.72,5.0,2.1,0.0,0.0,5.0,0.0,0.0,1.0,0.0,0.0,0.0,0.0,0.0,0.0,0.0,0.0,0.0,0.0,0.0,0.04,0.0,33.097461658,13.87,1039.8317021278,0.0,0.0
2018-03-04,3.0,0.0,0.07,2.6,1.99,1.1,0.0,0.0,0.0,0.0,0.4,0.0,0.0,0.0,0.0,0.0,0.0,0.0,0.0,0.0,0.0,0.0,11.24,0.0,21.2913235891,3.61,1057.5130257169,0.0,0.0
2018-03-05,0.0,26.61,11.37,0.0,5.0,5.0,0.0,0.0,0.0,0.0,1.51,0.0,0.0,0.0,9.0,0.0,0.0,0.0,0.0,0.0,0.0,0.0,6.94,0.0,127.1590679999,176.534466,1008.1376277168,0.01,0.0
2018-03-06,0.1,1.21,1.05,0.0,0.0,2.0,5.16,0.0,0.0,0.0,0.5,0.0,0.0,0.0,0.0,0.0,0.0,0.0,0.0,0.0,0.0,0.0,11.69,0.0,45.2133724517,172.412378,880.9386221685,0.3,0.0
2018-03-07,11.84,20.85,0.1,6.0,10.0,0.0,0.0,0.0,0.0,0.0,0.0,1.0,0.0,0.0,1.3,0.0,0.0,0.0,0.0,0.0,0.0,0.0,4.04,0.44,58.4505178625,55.173926,884.215214031,0.0,0.0
2018-03-08,2.5,19.11,0.25,0.6,0.16,0.0,0.0,0.0,0.25,0.0,0.0,5.0,0.0,0.0,0.0,0.0,0.0,0.0,0.0,0.0,0.0,0.0,12.44,0.0,46.4344711914,36.137204,894.5124812224,0.45,0.0
2018-03-09,5.73,3.6,5.0,1.0,0.8,0.0,0.0,0.0,0.0,0.0,0.0,5.0,0.1,0.0,0.0,0.0,0.0,0.0,0.0,0.0,0.0,0.0,2.27,0.0,25.6636135202,85.447856,834.7282387426,0.0,0.0
2018-03-10,0.0,4.6,0.1,0.0,0.01,0.0,0.0,0.0,0.0,1.0,0.0,1.0,0.0,0.0,0.0,0.0,0.0,0.0,0.0,0.0,0.0,0.0,5.24,0.0,18.1276172188,5.37,847.4858559614,0.02,0.0
2018-03-11,2.0,3.0,0.0,5.0,5.0,2.0,1.2,0.0,0.0,0.0,2.0,1.01,0.0,0.0,0.0,0.0,0.0,0.0,0.0,0.0,0.0,0.0,0.04,0.0,17.1453256709,7.14,857.4911816323,0.1,0.0
2018-03-12,1.0,2.95,3.52,20.5,23.38,2.0,1.41,0.0,0.0,0.0,0.0,0.68,0.0,0.0,0.0,0.0,0.0,0.0,0.0,0.0,0.0,0.0,5.28,0.0,85.5508875339,36.388792,906.6532771662,0.05,0.0
2018-03-13,6.11,5.6,0.0,23.0,0.0,2.0,0.0,0.0,0.0,0.0,1.55,0.0,0.0,0.0,0.0,0.0,0.0,0.0,0.0,0.0,0.0,0.0,6.07,0.0,43.6812541089,46.226487,904.1080442751,0.02,0.0
2018-03-14,10.8,0.0,0.0,33.52,0.0,0.0,0.0,0.0,0.0,0.0,0.0,0.0,0.0,0.0,0.0,0.0,0.0,0.0,0.0,0.0,0.0,0.0,4.35,0.0,71.6225013965,43.209497,932.5210486716,0.1,0.04
2018-03-15,16.69,0.33,4.0,34.0,0.01,7.59,0.0,0.0,0.0,0.0,0.93,5.0,0.0,0.0,0.0,0.0,0.0,0.0,0.0,0.0,0.0,0.0,2.0,0.0,63.6210782733,65.947766,930.1943609449,0.75,0.12
2018-03-16,28.6,27.6,3.0,0.27,3.0,0.0,0.0,0.0,0.0,0.0,3.0,0.0,0.0,0.0,0.0,0.0,0.0,0.0,0.0,0.0,0.0,0.0,10.0,0.0,50.3616178213,73.478801,907.0771777662,0.96,0.0
2018-03-17,0.05,10.7,1.5,0.0,2.0,0.0,1.0,0.0,0.0,0.0,0.2,1.0,0.0,0.0,0.0,0.0,6.0,0.0,0.0,0.0,0.0,0.0,9.2,0.0,28.2744948623,14.32,921.0316726285,0.02,0.03
2018-03-18,11.27,7.4,5.0,65.73,36.93,0.0,0.0,0.0,0.0,0.0,0.0,3.0,0.0,0.0,0.0,0.0,0.0,0.0,0.0,0.0,0.0,0.0,0.6,0.0,81.1555290668,53.8,948.3872016953,0.0,0.0
2018-03-19,7.9,14.32,22.21,3.4,2.55,1.1,0.0,0.0,0.0,0.0,1.1,0.0,0.0,0.0,0.0,0.0,0.0,0.0,0.0,0.0,0.0,0.0,1.2,0.0,71.6778510946,41.431633,978.6334197899,0.01,0.4
2018-03-20,1.6,3.0,2.4,17.0,0.0,2.0,0.0,0.0,0.0,0.0,5.0,0.0,0.0,0.0,0.0,0.0,0.0,0.0,0.0,0.0,0.0,0.0,10.0,0.0,37.821744615,63.213308,953.2418564049,2.29,0.0
2018-03-21,28.84,18.46,6.0,6.78,0.0,20.0,0.0,0.0,0.0,0.0,0.05,7.5,0.0,0.0,0.0,0.0,0.0,0.0,0.0,0.0,0.0,0.0,5.3,0.0,69.8565393273,72.746755,950.3516407322,0.0,0.0
2018-03-22,0.0,0.9,0.51,0.15,0.0,1.19,0.0,1.5,0.0,0.0,6.0,0.0,0.0,0.0,0.0,0.0,0.0,0.0,0.0,0.0,0.0,0.0,9.47,0.0,21.5810982995,55.73628,916.1964590317,0.41,0.4
2018-03-23,99.99,4.23,5.38,1.0,0.23,8.0,0.0,0.0,0.0,0.0,0.0,1.0,0.0,5.5,0.0,0.0,0.0,0.0,0.0,0.0,0.0,0.0,4.4,0.0,41.7936254228,124.18962,833.8004644545,0.02,0.0
2018-03-24,0.0,1.0,5.12,24.0,0.0,0.0,5.64,0.0,8.0,0.0,0.0,0.0,0.0,0.0,0.0,0.0,0.0,0.0,0.0,0.0,0.0,0.0,7.4,0.0,31.6189065187,19.81,845.6093709732,0.05,0.0
2018-03-25,2.0,0.4,3.6,0.0,0.0,0.0,0.0,0.0,0.0,0.0,0.0,0.0,0.0,2.0,0.0,0.0,0.0,0.0,0.0,0.0,0.0,0.0,3.4,0.0,12.6555580391,9.1,849.1649290123,2.1,0.0
2018-03-26,2.3,15.4,2.7,2.0,0.0,0.0,3.84,0.0,0.0,0.0,6.0,7.5,0.0,0.0,0.0,0.0,0.0,0.0,0.0,0.0,0.0,0.0,0.7,0.0,76.2260241483,43.790728,881.6002251606,0.2,0.0
2018-03-27,12.4,3.5,8.0,0.0,0.0,0.0,0.0,0.0,0.0,0.0,0.0,0.0,0.0,0.0,0.0,0.0,0.0,0.0,0.0,0.0,0.0,0.0,11.2,0.0,17.7016929839,46.359212,852.9427061445,0.23,1.0
2018-03-28,0.21,0.1,5.01,0.0,0.0,2.49,0.0,0.0,0.0,0.0,6.0,5.0,0.0,0.0,0.0,0.0,0.0,0.0,0.0,0.0,0.0,0.0,21.01,0.0,58.5148318185,145.974411,765.483126963,0.51,0.0
2018-03-29,1.0,1.6,4.28,0.0,0.0,12.28,5.02,6.0,0.0,0.0,0.25,0.0,0.0,0.0,0.0,0.0,0.0,0.0,0.0,0.0,0.0,0.0,2.7,0.0,51.2758412702,44.602053,772.1569152332,0.0,0.0
2018-03-30,7.0,6.11,2.0,9.01,6.41,0.0,0.0,0.5,0.0,0.0,4.07,1.2,0.0,0.0,0.0,0.0,0.0,0.0,0.0,0.0,0.0,0.0,0.2,0.0,31.3319708043,82.031094,721.4577920375,0.0,0.0
2018-03-31,4.0,1.05,0.0,0.0,10.0,0.0,0.0,7.0,0.0,0.0,0.0,0.0,0.0,0.0,0.0,0.0,0.0,0.0,0.0,0.0,0.0,0.0,10.0,0.0,35.8612302838,27.0,730.3190223213,0.0,0.0
2018-04-01,7.1,3.51,0.0,0.0,0.0,0.0,0.0,0.0,0.0,0.0,0.0,0.0,0.0,0.0,0.0,0.0,0.0,0.0,0.0,0.0,0.0,0.0,0.0,0.0,9.6422100369,8.04,731.9212323582,1.04,0.01
2018-04-02,2.86,0.56,0.0,2.0,0.0,0.0,0.0,0.0,0.0,0.0,0.0,0.0,0.0,0.0,0.0,0.0,0.0,0.0,0.0,0.0,0.0,0.0,0.0,0.0,21.620011215,33.953827,719.5874165732,0.54,0.0
