date,线上零钱包转入本金,线上零钱包转入利息,线上零钱包转出本息,线下零钱包转入本金,线下零钱包转入利息,线下零钱包转出本息,火柴一转出本息,火柴二转出本息,i_xinshoubiao,w_xinshoubiao,i_lianliankan,w_lianliankan,i_duiduipeng,w_duiduipeng,i_lulushun,w_lulushun,i_mantanghong,w_mantanghong,i_nianyueli360,w_nianyueli360,interest_nianyueli,i_xinshouzhuan,w_xinshouzhuan,i_yueyuezhuan,w_yueyuezhuan,i_jijizhuan,w_jijizhuan,i_bannianzhuan,w_bannianzhuan,i_huodongbiao,w_huodongbiao,yueyuejia_withdraw
2017/4/17,2597,90.24213,18815.63,30640,227.9298,31703.49,1664.33,450,0,600,50200,493900,0,0,152000,11000,10500,0,0,0,5.2684,0,0,21000,31300,0,0,0,0,0,0,3000
2017/4/18,5863,88.9743,13943.78,26360,227.15413,47375.85,0,1090,20000,3000,0,52600,0,5000,0,0,1000,0,0,0,4.4383,0,0,13300,4000,0,0,0,0,0,0,0
2017/4/19,12297,87.49375,7732.75,15360,224.91741,20227.83,202.04,355.55,19000,0,25000,35000,5000,20000,15000,56000,0,0,0,0,4.0274,0,0,13500,300,0,0,10000,0,0,0,0
2017/4/20,3166,87.25933,18077.53,32724,225.83741,30561.43,51.17,127.85,0,0,20000,9600,0,0,0,0,10200,0,0,0,18.0822,0,1000,500,19000,0,0,0,0,0,0,0
2017/4/21,163,86.51076,23.07,30595,223.84992,29530.04,0,6568,11000,16700,10000,47600,0,100000,0,0,23000,0,0,0,20.9514,1000,0,16000,2000,0,0,0,0,0,0,0
2017/4/22,11636,86.92304,3793.83,13853,224.29923,20,10509.89,0,0,3500,0,62700,0,0,50000,0,0,0,10000,0,693.3729,0,0,20000,3000,0,0,0,0,0,0,0
2017/4/23,969,86.46992,2733.77,12040,228.34959,3847,0,710,0,0,0,10000,12100,0,0,1000,12000,0,0,0,129.0449,100,0,50000,0,0,0,0,0,0,0,0
2017/4/24,17372,87.65146,20044.44,31861,229.69531,65175.76,0,11351.61,0,10000,0,33500,20000,0,0,0,20700,0,0,0,274.8408,0,0,2300,1000,0,0,0,0,0,0,100
2017/4/25,7767,85.15429,1607,46348,222.73796,58219.52,1006.58,438.79,0,0,10000,0,0,0,0,0,0,0,0,0,4.9512,0,0,2200,0,0,0,3000,0,0,0,0
2017/4/26,5237,87.23882,3100.04,43594,219.30087,21256.11,13880.87,0,10000,10100,0,0,0,0,8000,12300,20000,0,0,0,0.8054,0,0,1000,0,5000,0,10000,0,0,0,0
2017/4/27,7274,87.86399,1502,21642,222.62958,27608.01,413.09,0,0,200,300,114000,71500,10000,10000,0,100,0,100,0,46.0108,0,100,23500,2500,0,0,0,0,0,0,0
2017/4/28,4,88.36692,4455.58,56519,224.76107,35234.18,0,6523.02,0,10000,15000,6100,35000,0,18000,0,9000,0,0,0,4.8328,10000,0,1000,1000,0,0,1500,0,0,0,0
2017/4/29,5092,88.74972,10001,17655,223.00317,28710.25,0,0,0,20000,10100,101500,10000,0,0,0,30000,0,100,0,8.0548,0,0,10000,10000,0,0,1000,0,0,0,0
2017/4/30,2054,87.44657,1003,29058,226.68947,8962.53,0,54953,0,4000,0,50200,4000,10000,0,0,0,0,100,0,443.5725,0,0,54900,16600,0,2000,0,0,0,0,0
2017/5/1,2589,87.99614,196.55,25746,227.8624,40611.12,4.39,49.32,0,0,140000,228500,0,0,0,100,0,0,0,0,3.2219,0,0,10100,21000,10000,0,0,0,0,0,0
2017/5/2,10429,88.2517,11292.71,24720,226.37305,37944.54,11.13,307,8800,0,0,6000,2000,22000,0,0,6100,0,9600,0,10.6355,4000,0,21500,0,0,0,10000,0,0,0,0
2017/5/3,4710,87.11876,10102.01,47578,224.79858,22679.19,0,2803,0,100,28000,1700,5000,0,0,6500,82000,0,90200,0,12.0821,300,0,16000,0,0,0,0,0,0,0,0
2017/5/4,147,87.17322,10012.42,15823,225.09659,28597.24,10884.46,0,10000,0,7500,0,0,2000,30000,0,110000,0,6600,0,0,10000,0,40200,0,0,0,0,0,0,0,0
2017/5/5,9105,86.48734,1641.55,39309,227.62223,47047.46,0,1099,0,20000,100,0,0,22000,0,0,20400,0,100,0,64.4383,0,0,18300,0,3000,0,0,0,0,0,100
2017/5/6,1005,86.30214,5266.99,17848,223.54593,21563.77,35.11,0,0,19000,0,4500,0,0,0,0,72300,0,5000,0,33.1889,0,0,5000,7300,0,0,0,0,0,0,0
2017/5/7,1,86.81822,20101.59,27470,225.909,18356.16,10253.29,30113.43,0,0,13000,1700,11500,32100,0,14000,0,0,0,0,5.971,0,0,12000,1000,0,0,0,0,0,0,0
2017/5/8,14017,84.31828,2,50136,225.87188,26415.07,11021.53,1300,10000,11000,30200,35500,2300,0,0,0,73000,0,5100,0,112.767,20000,0,54100,20300,6000,0,100000,0,0,0,0
2017/5/9,241,84.32931,26084.06,24516,226.04035,34390.34,2296.2,0,0,0,5000,11500,0,10000,0,30000,0,0,0,0,5.6383,0,1100,0,2000,0,0,0,0,0,0,0
2017/5/10,5331,82.75345,7821.15,44650,228.15816,42455.12,0,320.55,0,0,37000,0,9300,10000,0,0,35000,0,0,0,7.0034,0,0,6000,0,0,0,0,0,0,0,0
2017/5/11,6144,81.7674,2000,21451,225.81023,39371.87,10895.25,1172,10000,0,0,15600,0,0,0,0,30000,0,0,0,74.3208,10000,0,2000,181400,0,0,0,0,0,0,0
2017/5/12,6486,82.21625,517.02,7642,226.60249,25201.04,0,0,3000,0,18800,0,50000,0,0,0,60000,0,0,0,82.2261,10200,0,0,0,0,0,15000,0,0,0,0
2017/5/13,7341,83.04524,3,13934,226.07201,5000.19,0,0,10000,10000,0,0,0,0,0,0,11300,0,0,0,246.7725,0,10000,38500,100,0,0,0,0,0,0,0
2017/5/14,14181,83.89824,93,20707,226.44926,9200.3,510,182,0,0,0,41200,0,32500,10200,0,0,0,0,0,1955.9043,1900,0,0,52000,0,2000,0,0,0,0,0
2017/5/15,12420,84.86242,17996.8,66091,227.10152,24570.87,1345.58,57.53,0,0,51500,22600,5000,0,0,1200,19100,0,0,0,808.1423,0,0,8600,11400,0,0,0,0,0,0,0
2017/5/16,8015,84.37181,110.91,31951,226.62337,26999.48,23.5,3617,0,0,0,0,0,10000,0,0,100,0,0,0,10.652,0,0,5000,2000,0,0,0,0,0,0,11800
2017/5/17,10597,86.00157,400,5820,231.79388,31090.1,0,0,2100,0,5000,0,20000,22000,0,9000,0,0,0,0,5.2684,1000,2000,0,42100,0,0,5000,0,0,0,0
2017/5/18,2313,87.01429,10905.18,47189,231.9375,39752.29,10000,357,10000,0,118600,30000,10000,7000,0,17900,60000,0,0,0,4.4383,0,500,3000,3500,0,0,0,0,0,0,0
2017/5/19,12510.02,86.97292,16165.52,320330.31,227.50583,20306.85,4062.33,0,20000,8800,24300,50200,4500,40000,80000,0,115100,0,0,0,4.0274,0,0,0,29100,0,0,20800,0,0,0,0
2017/5/20,114569.5,97.59686,5583.52,63594.56,264.73979,36717.98,300,20750.41,0,0,1100,20000,51100,0,0,52000,10000,0,0,0,18.0822,0,500,0,17500,0,6300,0,0,0,0,0
2017/5/21,25656.54,98.6553,0,114966.67,307.57364,11801,63.63,1096.98,1100,10000,47000,25000,0,0,0,0,300,0,0,0,20.9514,0,0,0,12500,0,0,0,0,0,0,0
2017/5/22,59670.37,115.93406,28891.66,168948.13,315.39551,44051.73,76.86,420.18,0,0,3100,10000,0,2000,0,0,56900,0,136100,0,693.3729,0,0,0,0,0,0,0,0,0,0,0
2017/5/23,60161.54,115.46403,365,256409.1,326.12879,32772.14,200.84,4356.84,13000,0,28600,0,0,0,0,0,5000,0,0,0,129.0449,0,0,0,16000,0,0,0,0,0,0,0
2017/5/24,74358.45,124.41781,7283.92,97045.77,346.69765,41924.25,47130.07,0,13100,0,2300,0,65000,0,10000,0,10000,0,0,0,274.8408,0,0,0,0,0,0,0,0,0,0,0
2017/5/25,32049.03,132.4044,41101.04,337597.75,379.06951,11806.27,11084.91,1055,8000,10000,9600,0,10100,25000,0,0,40000,0,0,0,85.4991,0,100,0,0,0,0,0,0,0,0,0
2017/5/26,11196.9,138.49059,500,203279.93,391.61134,32178.27,10001,0,3100,0,15100,0,10000,0,0,0,0,0,0,0,0.8054,0,0,0,0,0,0,0,0,0,0,0
2017/5/27,25239.36,142.2105,11347.23,160997.15,438.05201,24463.08,5542,1189.5,10000,0,14000,10000,4500,0,0,0,18000,0,0,0,46.0108,0,1000,0,3500,0,0,0,0,0,0,0
2017/5/28,7458.7,142.20931,523.15,218949.12,465.06303,1980.95,0,0,0,13000,1500,0,0,10000,0,5000,0,0,0,0,4.8328,0,0,0,500,0,0,0,0,0,0,2000
2017/5/29,11329.5,145.95514,2035.46,39090.13,489.09458,3315.05,0,0,0,0,40900,300,3000,0,0,0,0,0,0,0,8.8602,0,10000,0,10000,0,0,0,0,0,0,0
2017/5/30,12460.59,146.79422,7850.15,24536.68,521.6611,68.09,0,0,0,10000,36400,15100,12000,19000,0,0,100,0,0,0,443.5725,0,0,0,1000,0,0,0,0,0,0,0
2017/5/31,37705.6,148.1596,11893.06,166521.09,527.63393,425340.72,11377.55,108084.3,0,0,58700,0,5000,15000,0,0,30000,0,0,0,3.2219,0,0,0,1500,0,0,0,0,0,0,0
2017/6/1,21132.86,148.20192,70472.05,144883.57,467.30408,212820.83,0,69.86,10200,0,15100,0,18800,11000,25000,10000,50000,0,0,0,10.6355,0,0,0,5000,0,0,0,0,0,0,0
2017/6/2,55400.08,142.53338,11152.15,194744.07,460.3979,83216.05,1094.91,185,10000,100,124500,150000,45100,5300,0,0,50000,0,0,0,14.4983,0,4000,0,31700,0,0,0,0,0,0,30000
2017/6/3,22582.99,144.05878,721.85,200175.46,474.28013,71046,1279.68,942.25,12000,2000,600,23000,0,0,0,0,12000,0,100,0,78.1314,0,0,0,20000,0,0,0,0,0,0,0
2017/6/4,59.31,152.31966,18502.13,66800.57,488.4703,19109.74,5590.45,0,10000,20000,8000,10000,30000,30000,10000,2000,0,0,0,0,791.0136,0,0,0,0,0,0,0,0,0,0,0
2017/6/5,4201,152.95754,3100,64571.91,520.34846,132063.06,0,309,11000,0,24200,2500,30000,35000,0,0,15000,0,0,0,89.2599,0,0,0,42400,0,0,0,0,0,0,10000
2017/6/6,10805.2,152.52246,27100.38,212097.4,506.07228,173394.66,0,283.56,10000,0,19200,100,30000,15000,0,0,31000,0,100,0,46.2449,0,20000,0,3000,0,0,0,0,0,0,0
2017/6/7,101174.92,149.0948,53041.33,217491.89,489.75051,124631.15,137.85,765,10800,11100,127500,0,0,15000,0,0,0,0,1500000,0,112.767,0,0,0,12000,0,0,0,0,0,0,20000
2017/6/8,16668.5,142.75292,104596.68,249417.31,503.00437,52340.02,13208.52,0,1000,0,0,13000,116000,50000,0,0,0,0,50000,0,46.7176,0,0,0,12200,0,6000,0,0,0,0,0
2017/6/9,10252.73,142.25879,25579.6,145779.81,527.78508,66875.39,678.49,6046.06,13000,13000,9100,30200,0,5000,0,0,0,0,0,0,7.0034,0,0,0,42600,0,0,0,0,0,0,0
2017/6/10,15091.68,140.93747,10004.51,72961.75,556.30511,22165.67,23.55,0,0,13100,40000,15000,10100,0,0,0,0,0,0,0,74.3208,0,0,0,0,0,0,0,0,0,0,0
2017/6/11,15010,140.9961,1020.92,158926.31,574.26228,18451,11039.45,48813.93,0,11100,0,27000,70100,5000,0,100000,20000,0,0,0,82.2261,0,0,0,2300,0,50000,0,0,0,0,51900
2017/6/12,1293.62,143.13901,4728.26,176936.5,581.12388,129526.42,459.85,0,0,0,300200,0,0,417400,0,0,16200,0,0,0,246.7725,0,500,0,0,0,0,0,0,0,0,1200
2017/6/13,27937.43,144.63081,5680.36,81683.24,587.08054,41631.84,0,2308,10000,10000,12500,0,200000,436900,0,0,59000,0,0,0,1955.9043,0,0,0,20300,0,0,0,0,0,0,40000
2017/6/14,45319.15,143.9916,60,341551.19,607.55733,336297.68,0,0,10000,0,5000,18800,60000,11000,0,110000,60000,0,20000,0,808.1423,0,10000,0,40000,0,0,0,0,0,0,0
2017/6/15,35196.48,148.21393,28614.72,199154.12,569.2823,129777.2,509,567,10000,0,138000,50000,20100,100000,0,85100,50000,0,100,0,10.652,0,0,0,2800,0,0,0,0,0,0,0
2017/6/16,49722.71,151.84451,15267.58,214763.16,601.27931,104301.98,94.07,5000,20000,0,175600,1500,43600,50000,0,0,10000,0,600,0,5.2684,0,0,0,6000,0,0,0,0,0,0,0
2017/6/17,34560,155.3326,101160.58,86643.07,615.66274,10485.91,0.08,260,11000,0,25000,0,347800,6000,0,0,0,0,0,0,4.4383,0,0,0,2000,0,0,0,0,0,0,0
2017/6/18,1440.3,147.60485,10114.16,171663.87,645.02846,25500.97,12091.09,1000,0,10200,11000,7000,5000,0,10000,10100,10000,0,0,0,4.0274,0,0,0,0,0,0,0,0,0,0,0
2017/6/19,32547.84,151.3107,6457.07,93590.56,656.14872,132357.78,15748.2,3878.92,100,10000,41700,136700,20000,0,20000,5000,100,0,0,0,18.0822,0,1000,0,13000,0,0,0,0,0,0,0
2017/6/20,15440.89,150.57758,24225.96,303759.59,661.86919,144528,0,4078.09,20000,22000,82300,0,0,5000,0,20500,50000,0,10000,0,20.9514,0,0,0,0,0,0,0,0,0,0,0
2017/6/21,15607.33,151.85425,15764.5,294626.97,654.29344,30776.25,1.09,295,35000,0,100000,0,0,20000,0,3000,6000,0,0,0,693.3729,0,0,0,500,0,0,0,0,0,0,0
2017/6/22,117435.57,151.82836,5000,203081.16,695.52647,285952.23,49.51,25194.38,30000,21000,38500,53300,35000,0,10000,6000,24200,0,10000,0,129.8503,0,1000,0,21700,0,0,0,0,0,0,0
2017/6/23,14721.83,153.44958,65613.5,161724.58,696.93832,42062.54,0,954,40000,10800,31000,7200,50000,0,39000,0,0,0,0,0,1482.0736,0,0,0,4000,0,0,0,0,0,0,0
2017/6/24,104718.78,161.46337,100.01,86978.66,721.30395,10017,0.33,4035,18000,1000,0,23500,0,0,0,77000,50000,0,0,0,85.4991,0,0,0,10800,0,0,0,0,0,0,0
2017/6/25,8761.57,163.51647,5027.64,101493.99,744.2751,261137.7,100,373,0,13000,0,2400,4500,0,0,2000,10500,0,0,0,0.8054,0,0,0,80000,0,0,0,0,0,0,4000
2017/6/26,69255.03,178.55557,60864.64,158612.4,718.14416,229063.22,0,0,17000,0,46000,24600,25900,0,0,0,144700,0,0,0,46.0108,0,0,0,51000,0,0,0,0,0,0,0
2017/6/27,110900,170.77168,0,255498.33,699.02962,121352.86,92,787,20100,0,35600,0,0,50000,0,0,0,0,0,0,4.8328,0,0,0,0,0,0,0,0,0,0,0
2017/6/28,23872.43,181.19275,93259.01,338153.43,704.76298,90426.43,4607.34,33,10000,0,107500,14000,84800,0,0,62200,0,0,0,0,8.8602,0,0,0,0,0,0,0,0,0,0,0
2017/6/29,5451.5,183.8783,60127.1,370582.8,729.72939,102493.53,0,3100,32000,0,58000,0,11500,10000,33000,100,27100,0,0,0,443.5725,0,0,0,10100,0,0,0,0,0,0,0
2017/6/30,51657.27,178.44296,6467.94,267737.59,765.19511,78750.51,7944.96,53766,10100,10000,39300,78800,5400,10000,0,0,4100,0,50000,0,3.2219,0,500,0,4100,0,0,0,0,0,0,0
2017/7/1,49252.88,178.16602,8859.71,228661.38,809.43981,481294.48,0,45.2,0,20000,123000,58700,0,0,0,100,51000,0,0,0,10.6355,0,0,0,0,0,0,0,0,0,0,2500
2017/7/2,73838.15,184.79248,21000,131313.52,777.382,25730.83,0,0,0,0,25000,0,23000,0,0,0,48000,0,100,0,14.4983,0,0,0,300,0,0,0,0,0,0,0
2017/7/3,36159.36,189.16801,21075,377771.73,807.19935,342574.42,862.52,218,11000,20000,26500,15100,0,0,8000,10200,81000,0,0,0,78.1314,0,0,0,100,0,0,0,0,0,0,0
2017/7/4,21424.17,197.05665,26000,434097.85,776.36556,206661.91,0,0,10000,11000,135900,124500,22000,0,0,23100,124000,0,0,0,791.0136,0,0,0,10000,0,0,0,0,0,0,100
2017/7/5,60494.14,198.61717,124808.25,99969.33,802.26608,102580.17,261.37,223.44,10000,100,156700,8600,25000,10000,0,310000,13000,0,0,0,90.0653,0,0,0,0,0,0,0,0,0,0,100000
2017/7/6,13009.35,183.06869,12316.13,137579.67,852.34178,180956.48,0,4000,10000,0,30500,0,0,0,0,1400,0,0,0,0,46.2449,0,0,0,30000,0,0,0,0,0,0,0
2017/7/7,16662.4,190.35606,21941.62,161795.05,839.93529,239049.83,0,0,0,55000,40000,43200,61800,0,30000,0,15000,0,100,0,113.5724,0,0,0,10300,0,0,0,0,0,0,0
2017/7/8,105269.18,189.03864,19327.02,34010.27,825.10331,0,0,450,0,30000,100000,127700,15000,83000,0,3000,49500,0,0,0,12128.9092,0,0,0,0,0,0,0,0,0,0,0
2017/7/9,24120.85,188.66561,2.36,28775,849.60774,21131.06,0,0,0,0,0,0,10000,0,0,22700,50000,0,0,0,471.3869,0,0,0,5000,0,0,0,0,0,0,0
2017/7/10,19305.24,204.55615,75388.37,301256.89,851.67617,316991.79,11291.4,12474.56,20300,58000,171000,9100,33200,0,0,50000,10000,0,10000,0,74.3208,0,0,0,0,0,0,0,0,0,0,100
2017/7/11,84850.28,196.86231,11047.87,81167.77,808.37479,92626.02,0,6500,10000,0,82000,0,25400,10000,0,20000,21500,0,0,0,82.2261,0,0,0,50000,0,0,0,0,0,0,0
2017/7/12,123572.72,198.13562,52394.7,215536.5,839.93411,54414.02,107,160,30600,0,16900,40000,162400,0,0,10000,21500,0,0,0,246.7725,0,10000,0,0,0,0,0,0,0,0,4000
2017/7/13,33813.15,203.05613,0,91899.38,844.09219,129463.64,0,6313,23000,37100,60800,0,26000,10000,16000,0,0,0,0,0,1955.9043,0,0,0,41000,0,0,0,0,0,0,0
2017/7/14,15242.34,221.74433,9172.67,193461.24,860.82709,92472.01,0,0,0,10000,3100,300200,135300,0,0,0,15000,0,0,0,808.1423,0,1900,0,30100,0,0,0,0,0,0,0
2017/7/15,20020,225.45348,43067.91,18349.58,857.2325,18589.1,0,0,16500,32000,4500,12500,10000,0,0,0,36000,0,0,0,10.652,0,0,0,0,0,0,0,0,0,0,0
2017/7/16,28559.8,221.29459,55624.54,125084.29,883.71253,27203.9,0,1000,20000,10100,55500,143000,0,0,0,0,48000,0,0,0,167.1696,0,1000,0,2000,0,0,0,0,0,0,0
2017/7/17,12614,215.96281,15927.03,169723.24,882.60173,240128.46,4.75,300,25200,0,71100,0,5000,5000,10000,0,0,0,0,0,4.4383,0,0,0,10100,0,0,0,0,0,0,100
2017/7/18,66464.09,217.89887,31045.69,345579.24,865.30879,224884.54,11020.8,0,1000,0,394400,200600,0,0,0,0,0,0,0,0,8.8602,0,0,0,0,0,0,0,0,0,0,0
2017/7/19,78338.76,215.15437,64000,124916.55,857.12715,104999.59,54518.58,23708.08,20100,0,64700,11000,51000,0,0,36200,30000,0,0,0,18.0822,0,0,0,55000,0,100,0,0,0,0,5000
2017/7/20,28614.31,215.55811,62413.85,128730.02,888.96247,190193.61,16198.08,4002,30100,11000,370000,41700,1600,5000,0,66600,23800,0,100,0,20.9514,0,0,0,0,0,0,0,0,0,0,0
2017/7/21,11512.98,217.99019,12771.01,73819.42,884.55928,365100.96,186904.46,56516.11,10100,10000,980100,0,20000,0,0,0,255700,0,0,0,693.3729,0,0,0,17500,0,0,0,0,0,0,0
2017/7/22,163595.38,220.41045,4.95,265141.74,848.37892,57623.2,58934.37,1010,0,20000,61000,182300,0,0,0,0,40300,0,0,0,210.3982,0,0,0,0,0,0,0,0,0,0,0
2017/7/23,22708.57,222.17769,12876.3,122281.05,850.64775,10221.62,21603.87,12577.05,4100,0,61000,38500,78200,0,0,65400,21100,0,0,0,1562.6215,0,0,0,2200,0,0,0,0,0,0,0
2017/7/24,17739.45,244.85292,142597.19,241470.66,889.4382,73848.72,328875.86,2124879.93,1000,0,203800,0,57000,32100,20000,0,2729500,0,0,0,85.4991,0,0,0,2000,0,0,0,0,0,0,50000
2017/7/25,53745.82,226.89373,108731.78,182520.56,896.86303,397796.63,117399.22,42218.23,30000,0,60500,31000,17500,0,55000,0,127000,0,1000,0,0.8054,0,0,0,0,0,0,0,0,0,0,0
2017/7/26,9678.94,213.34215,17657.97,139845.67,888.51065,85831.39,95766.36,113294.15,11000,0,33100,0,144500,0,0,0,264300,0,0,0,46.0108,0,0,0,200,0,0,0,0,0,0,0
2017/7/27,33839.94,218.68674,61687.06,248469.38,903.21392,204759.37,147625.49,2690858.3,13000,30300,244700,11000,171400,0,40000,0,3413400,0,0,0,4.8328,0,0,0,3900,0,0,0,0,0,0,4000
2017/7/28,95365.36,210.88288,8029.36,122700.21,893.56861,197267.86,119036.8,529204.42,16400,30600,301300,70600,0,76500,46500,0,668800,0,0,0,8.8602,0,0,0,0,0,0,0,0,0,0,0
2017/7/29,27114.56,214.80384,3160.61,58416.89,901.41868,32184.64,8084.39,99750.52,0,23000,12000,107500,46600,30000,0,2000,222200,0,0,0,443.5725,0,0,0,0,0,0,0,0,0,0,20000
2017/7/30,14100.12,228.7301,19.32,132532.88,915.94718,159134.42,10121.1,103834.81,100,0,20500,58000,50300,0,0,0,104800,0,0,0,3.2219,0,0,0,0,0,0,0,0,0,0,50000
2017/7/31,56166.84,232.84744,60061.7,254004.52,900.15522,717538.56,249236.56,984678.66,0,16500,355100,39300,213700,0,0,5000,1275000,0,101100,0,433.9231,0,0,0,0,0,0,0,40000,0,0,28000
2017/8/1,155015.41,225.95655,149749,118643.15,810.63229,239293.4,29390.02,85294.62,20000,0,145500,123000,70200,16000,78000,0,55000,0,0,0,14.4983,0,0,0,3500,0,0,0,0,0,0,10000
2017/8/2,36265.38,211.98831,5002.08,377155,813.23683,158445.7,12359.08,11223.83,10000,45200,277200,25000,191200,0,405600,20000,20400,0,0,0,78.9368,0,0,0,0,0,2000,0,0,0,0,6100
2017/8/3,38756.67,234.53499,37757.06,379250.02,810.16867,131760.93,35654.07,35149.38,0,1000,100800,0,7000,5000,40000,0,0,0,0,0,791.0136,0,0,0,200,0,0,0,0,0,0,2500
2017/8/4,91299.52,234.5301,42416.52,345522.08,845.70235,145212.18,42190.15,0,3000,20100,49000,26500,13400,0,4000,0,68700,0,0,0,90.0653,0,0,0,4000,0,0,0,0,0,0,0
2017/8/5,83379.01,233.82041,20203,203087.37,881.11061,5500,24.85,0,10000,0,300000,135900,0,0,12700,75000,10000,0,0,0,46.2449,0,0,0,1000,0,2000,0,0,0,0,0
2017/8/6,513.9,244.56875,877.85,211137.81,932.46477,110000,0,0,20200,40200,63700,187200,1000,0,0,5000,500,0,0,0,113.5724,0,0,0,0,0,0,0,0,0,0,0
2017/8/7,56274.13,257.03728,88226.74,376022.95,946.63195,359187.94,45537.49,42181.83,10000,0,214200,0,220000,11500,5200,0,10000,0,0,0,12128.9092,0,0,0,0,0,0,0,0,0,0,0
2017/8/8,149929.81,243.85893,43791.47,254253.01,923.51342,196281.84,34378.54,88517.24,0,4100,185000,140000,97900,2300,5000,14000,51100,0,0,500,472.1923,0,0,0,12000,0,6000,0,0,0,0,0
2017/8/9,12549.89,245.77673,4693.84,427095.3,951.68907,143479.9,0,0,0,1000,81500,0,35100,9300,0,0,60000,0,0,0,74.3208,0,0,0,0,0,5000,0,0,0,0,0
2017/8/10,2352934.81,267.68302,21870.22,2790025.48,968.52441,226516.35,715256.2992,1537006.794,5000,30000,82500,171000,6000,0,0,12100,50000,0,0,0,82.2261,0,0,0,100,0,0,0,0,0,0,0
2017/8/11,0,266.33449,531981.69,1144694.48,998.89461,549581.02,0,0,0,11000,0,82000,0,50000,0,0,0,0,0,0,327.3204,0,0,0,100,0,0,0,0,0,0,1000
2017/8/12,0,668.58557,17598.25,498369.29,1652.58074,59325.56,0,0,0,13000,0,16900,0,0,0,0,0,0,0,0,1955.9043,0,0,0,23100,0,0,0,0,0,0,100
2017/8/13,0,665.43087,18575.55,443253.63,1855.22482,64362.26,0,0,0,16400,0,60800,0,0,0,0,0,2900,0,0,808.1423,0,0,0,0,0,0,0,0,0,0,0
2017/8/14,5000,660.06322,324493.74,1145550.47,1937.25185,358303.21,0,0,0,0,0,3100,0,0,0,30000,0,200,0,0,10.652,0,0,0,0,0,0,0,0,0,0,0
2017/8/15,0,601.76133,22982.84,712238.06,1952.48343,81885.66,0,0,0,100,0,4500,0,5000,0,0,0,3000,0,0,167.1696,0,0,0,0,0,0,0,0,0,0,0
2017/8/16,10000,598.52162,63087.26,552879.78,2175.22865,341330.91,0,0,0,0,0,0,0,0,0,0,0,0,0,0,4.4383,0,0,0,5000,0,0,0,0,0,0,0
2017/8/17,0,586.79346,37800.54,1127642.51,2220.51535,162705.47,0,0,0,0,0,126600,0,20000,0,0,0,0,0,0,8.8602,0,0,0,5000,0,3000,0,0,0,0,0
2017/8/18,0,581.81584,10173.59,1400605.38,2293.61893,253611.12,0,0,0,20000,0,394400,0,12500,0,10000,0,2000,0,2000,18.0822,0,0,0,800,0,0,0,0,0,0,0
2017/8/19,0,580.02877,0,559693.48,2456.87985,102585.3,0,0,0,10000,0,64700,0,0,0,0,0,0,0,0,20.9514,0,0,0,100,0,0,0,0,0,0,0
2017/8/20,10000,580.13553,544.64,402526.72,2702.69983,56912.29,0,0,0,0,0,0,0,0,0,60000,0,15000,0,0,693.3729,0,0,0,0,0,0,0,0,0,0,0
2017/8/21,6000,580.14148,67145.18,991046.91,2792.7852,514023.15,0,0,0,3000,0,1350100,0,53100,0,0,0,16100,0,5000,211.2036,0,0,0,0,0,0,0,0,0,0,0
2017/8/22,0,569.60191,6034.33,664982.3,2773.08085,366138.3,0,0,0,30200,0,50000,0,0,0,0,0,0,0,10000,1562.6215,0,0,0,0,0,0,0,0,0,0,40000
2017/8/23,0,569.70025,52852.64,382094.09,2890.01868,507113.38,0,0,0,10000,0,72000,0,0,0,40000,0,0,0,0,85.4991,0,0,0,0,0,0,0,0,0,0,0
2017/8/24,5077,559.95965,10609.65,322424.73,2920.0613,189096.48,0,0,0,0,0,203800,0,75100,0,0,0,0,0,0,0.8054,0,0,0,0,0,0,0,10000,0,0,4500
2017/8/25,0,558.08623,36479.68,1263345.65,2956.35637,104219.44,0,0,0,0,0,40500,0,10000,0,0,0,47100,0,5000,55.2984,0,0,0,0,0,0,0,0,0,0,0
2017/8/26,0,552.34108,58165.3,151830.61,2997.67082,33070.54,0,0,0,0,0,20000,0,4500,0,20000,0,200,0,0,4.8328,0,0,0,0,0,0,0,0,0,0,3000
2017/8/27,0,541.60633,102821.67,217541.97,3227.43584,135543.94,0,0,0,5000,0,277800,0,0,0,0,0,50100,0,0,8.8602,0,0,0,1300,0,0,0,0,0,0,0
2017/8/28,1,522.55029,456524.7,521244.27,3231.06675,290937.94,0,0,0,0,0,301300,0,0,0,0,0,50200,0,200,443.5725,0,0,0,0,0,0,0,0,0,0,0
2017/8/29,0,437.59589,74777.12,546105.9,3213.05781,614736.69,0,0,0,0,0,12000,0,15000,0,17000,0,15000,0,0,3.2219,0,0,0,0,0,0,0,0,0,0,0
2017/8/30,0,423.74543,17066.36,669496.92,3201.17627,583432.53,0,0,0,0,0,0,0,5000,0,10000,0,0,0,0,433.9231,0,0,0,0,0,0,0,0,0,0,0
2017/8/31,0,420.64352,11600,952199.98,3195.56308,365563.07,0,0,0,0,0,375600,0,18800,0,8000,0,0,0,0,869.9338,0,0,0,0,0,0,0,0,0,0,0
2017/9/1,0.99,418.56181,51876.82,890789.95,3251.92465,819818.72,0,0,0,0,0,0,60000,0,0,0,0,19000,0,0,78.9368,0,0,0,0,0,0,0,0,0,0,0
2017/9/2,0,408.97396,4587.72,394797.55,3286.62042,66442.91,0,0,0,0,0,145500,0,45100,0,0,0,21000,0,0,791.0136,0,0,0,0,0,0,0,0,0,0,0
2017/9/3,0,408.19448,1010.05,152114.45,3431.49458,86000,0,0,0,0,0,277200,0,30000,0,11500,0,10000,0,0,90.0653,0,0,0,0,0,0,0,0,0,0,0
2017/9/4,0,408.08367,11003.54,722178.83,3489.71922,767943.57,0,0,0,0,0,100800,0,0,0,33900,0,100,0,0,46.2449,0,0,0,0,0,0,0,0,0,0,0
2017/9/5,0,406.10852,10755.41,595969.52,3375.58358,591366.02,0,0,0,0,0,49000,0,60000,0,0,0,100,0,0,113.5724,0,0,0,700,0,5000,0,10000,0,0,0
2017/9/6,0,404.18,64710,416365.76,3400.26297,653256.02,0,0,0,0,0,363700,0,0,0,50000,0,0,0,0,12128.9092,0,20000,0,21900,0,10000,0,0,0,0,0
2017/9/7,0,334.52083,10429.44,333267.05,2891.95058,584609.06,0,0,0,0,0,214200,0,116000,0,0,0,0,0,0,467.6718,0,0,0,0,0,0,0,0,0,0,0
2017/9/8,20000,332.92459,35840.45,545295.77,2865.65961,240453.81,0,0,0,0,0,185000,0,0,0,0,0,10500,0,0,74.3208,0,0,0,10000,0,0,0,0,0,0,0
2017/9/9,0,327.2819,11765.16,239311.12,2880.86335,190934.88,0,0,0,0,0,81500,0,0,0,0,0,50000,0,0,82.2261,0,0,0,0,0,0,0,0,0,0,0
2017/9/10,0,328.64122,554.57,194037.19,2937.61588,67123.62,0,0,0,0,0,0,0,10100,0,12000,0,0,0,0,327.3204,0,0,0,0,0,0,0,0,0,0,0
2017/9/11,0,328.60427,40572.33,170042.54,2965.58679,311833.65,0,0,0,0,0,82500,0,70100,0,15000,0,0,0,0,1955.9043,0,0,0,17000,0,100,0,0,0,0,0
2017/9/12,0,322.20919,393.19,261428.39,2949.75423,330749.23,0,0,0,0,0,0,0,200000,0,0,0,0,0,0,808.1423,0,0,0,0,0,0,0,0,0,0,0
2017/9/13,0,322.19667,21946.87,151740.55,2922.14346,861709.82,0,0,0,0,0,0,0,0,0,1500,0,0,0,0,10.652,0,0,0,0,0,0,0,0,0,0,7000
2017/9/14,0,318.76042,129346.57,275596.86,2827.21787,252160.75,0,0,0,0,0,0,0,80100,0,50700,0,50000,0,0,167.1696,0,0,0,4400,0,0,0,0,0,0,0
2017/9/15,0,298.25636,117949.03,201255.69,2811.71391,392188.46,0,0,0,0,0,0,0,0,0,48000,20000,0,0,0,4.4383,0,100,0,0,0,0,0,0,0,0,0
2017/9/16,0,279.5601,10097.74,157677.72,2793.6326,85100.04,0,0,0,0,0,0,0,63600,0,0,0,0,0,0,8.8602,0,0,0,50000,0,0,0,0,0,0,0
2017/9/17,0,278.0003,0,160754.26,2812.53442,183193.5,0,0,0,0,0,0,0,327800,0,20000,0,0,0,0,0,0,0,0,500,0,0,0,0,0,0,0
2017/9/18,0,278.04396,206.87,189706.4,2804.58829,858605.52,0,0,0,0,0,0,0,25000,0,10000,0,0,0,0,20.9514,0,0,0,0,0,0,0,0,0,0,0
2017/9/19,0,278.05567,126532.32,207079.16,2698.48064,504881.8,0,0,0,0,0,0,0,0,0,0,0,5000,0,0,693.3729,0,0,0,0,0,0,0,0,0,0,0
2017/9/20,0,257.99197,22782.28,150645.33,2648.82685,463712.7,0,0,0,0,0,0,0,0,0,0,0,0,0,0,165.9982,0,0,0,0,0,0,0,1000,0,0,0
2017/9/21,0,254.41219,18131.82,150821.47,2608.46763,281926.8,0,0,0,0,0,0,0,35000,0,0,0,0,0,0,1472.2106,0,0,0,2500,0,0,0,0,0,0,500
2017/9/22,0,251.57406,179563.19,305529.65,2588.02091,46205.88,0,0,0,0,0,0,0,0,0,0,0,1000,0,0,85.4991,0,0,0,0,0,0,0,0,0,0,0
2017/9/23,0,223.07969,50046.56,150684.89,2605.05602,141036.7,0,0,0,0,0,0,0,50000,0,0,0,0,0,0,0.8054,0,0,0,0,0,0,0,0,0,0,0
2017/9/24,0,215.16202,0,71900.31,2640.03057,121087.03,0,0,0,0,0,0,0,4500,0,9300,0,10400,0,0,10.093,0,0,0,0,0,0,0,10000,0,0,0
2017/9/25,0,215.1952,94948.91,164428.48,2636.73144,535432.12,0,0,0,0,0,0,0,25900,0,3000,0,13600,0,0,4.8328,0,0,0,0,0,0,0,0,0,0,0
2017/9/26,15000,200.14106,128395.7,267504.44,2563.49302,569593.74,0,0,0,0,0,0,0,0,0,6100,0,20900,0,0,8.8602,0,0,0,500,0,0,0,0,0,0,0
2017/9/27,30000,179.77314,21430.33,379908.17,2499.51817,423704.36,0,0,0,0,0,0,0,84800,0,0,0,0,0,0,441.7643,0,0,0,1500,0,0,0,0,0,0,10100
2017/9/28,0,178.7791,16926.77,332024.83,2475.65073,195555.69,0,0,0,0,0,0,0,11500,0,0,0,606900,0,0,3.2219,0,0,0,500,0,30000,0,60000,0,0,0
2017/9/29,0,180.88441,133962.92,267847.99,2504.78234,463169.82,0,0,0,0,0,0,0,5400,0,0,0,0,0,0,433.9231,0,0,0,5000,0,0,0,0,0,0,0
2017/9/30,0,159.64622,0,482224.67,2484.34073,418210.93,0,0,0,0,0,0,0,0,0,10000,0,100,0,0,869.9338,0,0,0,0,0,0,0,0,0,0,0
2017/10/1,0,159.67056,5000,167237.18,2460.91811,750263.34,0,0,0,0,0,0,0,23000,0,0,0,0,0,0,78.9368,0,0,0,0,0,0,0,0,0,0,0
2017/10/2,0,158.90038,0,170849.88,2417.05181,52111.14,0,0,0,0,0,0,0,0,0,0,0,0,0,0,791.0136,0,0,0,16500,0,0,0,0,0,0,0
2017/10/3,0,158.92457,137.57,91198.38,2437.319,103800,0,0,0,0,0,0,0,0,0,11700,0,0,0,0,90.0653,0,0,0,0,0,0,0,0,0,0,0
2017/10/4,0,158.92735,1097,26046.84,2448.36083,132618,0,0,0,0,0,0,0,22000,0,0,0,2000,0,0,46.2449,0,0,0,6300,0,0,0,0,0,0,0
2017/10/5,0,158.77918,0,42286.23,2442.16824,143122.75,0,0,0,0,0,0,0,25000,0,0,0,0,0,0,113.5724,0,0,0,0,0,0,0,0,0,0,0
2017/10/6,0,158.80434,12345,99556,2423.95221,195849.88,0,0,0,0,0,0,0,0,0,10000,0,5000,0,0,12128.9092,0,0,0,154000,0,100000,0,209100,0,0,0
2017/10/7,0,156.86679,0,45144.76,2399.93553,147586,0,0,0,0,0,0,0,76800,0,0,0,0,0,0,467.6718,0,0,0,0,0,0,0,0,0,0,0
2017/10/8,0,156.89093,0,58647.8,2389.5067,212607.79,0,0,0,0,0,0,0,10000,0,10000,0,27000,0,0,74.3208,0,0,0,0,0,0,0,0,0,0,0
2017/10/9,0,156.91498,39503.41,238723.67,2368.17615,837985.98,0,0,0,0,0,0,0,33200,0,0,0,0,0,0,82.2261,0,0,0,500,0,0,0,21400,0,0,1000
2017/10/10,5000,150.66366,16048.24,260546.65,2242.99012,656374.35,0,0,0,0,0,0,0,25400,0,0,0,10000,0,0,327.3204,0,0,0,10000,0,0,0,0,0,0,0
2017/10/11,0,148.13658,10000,308562.58,2176.9044,351670.66,0,0,0,0,0,0,0,162400,0,0,0,0,0,0,1955.9043,0,0,0,0,0,0,0,0,0,0,0
2017/10/12,0,147.36444,0.57,258474.34,2156.48992,341871.4,0,0,0,0,0,0,0,26000,0,0,0,0,0,0,808.1423,0,0,0,1400,0,0,0,0,0,0,5000
2017/10/13,0,147.3868,0,127318.04,2157.89597,248916.35,0,0,0,0,0,0,0,135300,0,0,0,11000,0,0,10.652,0,0,0,300,0,0,0,0,0,0,0
2017/10/14,0,147.40926,10,85029.29,2159.75763,26744.47,0,0,0,0,0,0,0,10000,0,0,0,2000,0,0,167.1696,0,0,0,0,0,0,0,0,0,0,0
2017/10/15,0,147.43151,508,105083.25,2176.08216,135780,0,0,0,0,0,0,0,0,0,0,0,1000,0,0,4.4383,0,0,0,0,0,0,0,0,0,0,100
2017/10/16,0,147.37361,0.33,246612.62,2168.36377,209094.5,0,0,0,0,0,0,0,5000,0,152000,0,80000,0,0,8.8602,0,1000,0,0,0,0,0,0,0,0,0
2017/10/17,0,147.39649,15357.51,296904.13,2152.18032,209616.7,0,0,0,0,0,0,0,0,0,0,0,10000,0,0,0,0,0,0,0,0,10000,0,0,0,0,600
2017/10/18,0,144.97943,42.92,153716.53,2158.40405,166735.09,0,0,0,0,0,0,0,51000,0,15000,0,0,0,0,20.9514,0,0,0,0,0,0,0,0,0,0,6000
2017/10/19,0,144.99458,46303.49,307588.41,2179.42851,127744.99,0,0,0,0,0,0,0,0,0,0,0,0,0,0,693.3729,0,0,0,0,0,0,0,0,0,0,3000
2017/10/20,0,137.65868,5211.31,196233.92,2183.90185,76616.06,0,0,0,0,0,0,0,21600,0,50000,0,57800,0,0,165.9982,0,0,0,0,0,0,0,0,0,0,0
2017/10/21,0,136.85182,11930.29,111238.74,2220.976,10900,0,0,0,0,0,0,0,0,0,0,0,31300,0,0,1472.2106,0,0,0,0,0,0,0,0,0,0,0
2017/10/22,0,134.97694,0,126820.27,2250.75456,28672,0,0,0,0,0,0,0,78200,0,0,0,14100,0,0,85.4991,0,0,0,0,0,0,0,0,0,0,17000
2017/10/23,0,134.99739,1000,379978.55,2264.2296,182732.05,0,0,0,0,0,0,0,57000,0,0,0,0,0,0,0.8054,0,0,0,0,0,0,0,0,0,0,0
2017/10/24,0,134.86071,24201.82,174329.34,2255.71125,21251.66,0,0,0,0,0,0,0,17500,0,0,0,0,0,0,10.093,0,0,0,0,0,0,0,0,0,0,0
2017/10/25,0,131.03565,0,294582.06,2313.06931,81476.43,0,0,0,0,0,0,0,144500,0,18000,0,0,0,0,4.8328,0,0,0,0,0,0,0,0,0,0,10000
2017/10/26,50000,131.05533,75259.98,349446.55,2334.71234,281998.94,0,0,0,0,0,0,0,171400,0,18000,0,0,0,0,8.8602,0,0,0,5500,0,0,0,1500,0,0,0
2017/10/27,0,119.11606,52362.96,148877.69,2326.11267,349315.44,0,0,0,0,0,0,0,0,0,0,0,11400,0,0,441.7643,0,0,0,6500,0,11300,0,0,0,0,0
2017/10/28,0,118.75921,0,117339.51,2330.95253,48017.03,0,0,0,0,0,0,0,46600,0,0,0,105000,0,0,3.2219,0,0,0,0,0,0,0,0,0,0,0
2017/10/29,0,118.77721,26150,75370,2347.35008,133768.3,0,0,0,0,0,0,0,50300,0,0,0,5000,0,0,433.9231,0,0,0,0,0,500,0,0,0,0,20000
2017/10/30,0,114.6401,0,334545.69,2344.79464,283959.43,0,0,0,0,0,0,0,213700,0,0,0,55000,0,1000,869.9338,0,0,0,100,0,0,0,0,0,0,0
2017/10/31,0,114.65756,101.01,326917.35,2312.27589,346787.64,0,0,0,0,0,0,0,60000,0,0,0,0,0,0,78.9368,0,0,0,0,0,0,0,0,0,0,25000
2017/11/1,0,114.66014,41956.09,470440.93,2310.68201,945359.17,0,0,0,0,0,0,0,201200,0,0,0,0,0,0,791.0136,0,0,0,0,0,0,0,0,0,0,0
2017/11/2,0,108.01323,5000,265208.94,2213.49116,203893.17,0,0,0,0,0,0,0,7200,0,30000,0,0,0,0,90.0653,0,0,0,0,0,0,0,0,0,0,20500
2017/11/3,0,107.23465,0,484547.78,2256.83749,290163.64,0,0,0,0,0,0,0,12000,0,0,0,34300,0,500,46.2449,0,0,0,0,0,0,0,0,0,0,0
2017/11/4,0,107.25081,0,178482.31,2251.95618,33500,0,0,0,0,0,0,0,1400,0,0,0,37100,0,0,113.5724,0,0,0,0,0,0,0,0,0,0,0
2017/11/5,0,107.26846,100.18,102346.33,2323.9873,130801.08,0,0,0,0,0,0,0,1000,0,0,0,150100,0,0,12128.9092,0,0,0,0,0,0,0,0,0,0,0
2017/11/6,0,107.26859,0,184838.69,2327.16617,364742.94,0,0,0,0,0,0,0,220000,0,0,0,170300,0,100,467.6718,0,0,0,0,0,0,0,100000,0,0,0
2017/11/7,0,107.28458,0,428036.22,2290.57284,239332.79,0,0,0,0,0,0,0,97900,0,0,0,94400,0,0,74.3208,0,0,0,5100,0,0,0,0,0,0,10000
2017/11/8,0,107.30048,4175.19,289360.95,2282.31186,472055.81,0,0,0,0,0,0,0,35100,0,0,0,77000,0,0,82.2261,0,0,0,40500,0,0,0,0,0,0,15200
2017/11/9,0,106.65375,29319.02,176943.77,2275.67961,383301.21,0,0,0,0,0,0,0,0,0,0,0,500,0,0,327.3204,0,0,0,0,0,0,0,0,0,0,3000
2017/11/10,0,102.01077,0,305282.74,2261.11397,307119.95,0,0,0,0,0,0,0,6000,0,0,0,2400,0,10000,1955.9043,0,0,0,5000,0,0,0,0,0,0,0
2017/11/11,0,98.8217,20173.24,111373.27,2240.46974,104736.52,0,0,0,0,0,0,0,0,0,10200,0,8000,0,0,808.1423,0,0,0,0,0,0,0,15000,0,0,0
2017/11/12,0,98.83666,0,151731.68,2273.01123,159271.86,0,0,0,0,0,0,0,0,0,0,0,10000,0,1000,10.652,0,0,0,0,0,0,0,0,0,0,0
2017/11/13,0,98.85833,177.46,282816.57,2265.76109,262356.88,0,0,0,0,0,0,0,0,0,0,0,54400,0,0,167.1696,0,0,0,0,0,0,0,0,0,0,100
2017/11/14,0,98.84498,0,355521.77,2248.54223,291627.25,0,0,0,0,0,0,0,0,0,0,0,11200,0,500,4.4383,0,0,0,0,0,2000,0,0,0,0,19000
2017/11/15,0,98.86023,1960.19,365235.09,2241.12024,366941.47,0,0,0,0,0,0,0,0,0,0,0,10000,0,0,8.8602,0,0,0,0,0,0,0,0,0,0,0
2017/11/16,0,98.56482,642.1,177548.3,2246.04106,204015.12,0,0,0,0,0,0,0,0,0,0,0,0,0,0,0,0,0,0,0,0,0,0,0,0,0,0
2017/11/17,0,98.47721,23633.22,586464.8,2272.01626,183308.33,0,0,0,0,0,0,0,0,0,0,0,14500,0,600,20.9514,0,0,0,18400,0,0,0,20800,0,0,0
2017/11/18,0,94.73656,11767.1,276318.08,2271.46198,136409.69,0,0,0,0,0,0,0,0,0,0,0,76500,0,0,693.3729,0,0,0,0,0,0,0,0,0,0,0
2017/11/19,0,92.88104,690.17,147911.66,2347.15248,80097.66,0,0,0,0,0,0,0,0,0,80000,0,100,0,0,165.9982,0,0,0,0,0,0,0,0,0,0,0
2017/11/20,0,92.78652,22209.42,248205.59,2375.30524,180097.9,0,0,0,0,0,0,0,0,0,0,0,0,0,20000,1472.2106,0,0,0,0,0,0,0,0,0,0,0
2017/11/21,0,89.271,120.75,400177.47,2370.15476,279306.27,0,0,0,0,0,0,0,0,0,0,0,2800,0,100,85.4991,0,0,0,0,0,0,0,0,0,0,0
2017/11/22,0,89.26535,1566.31,356795.05,2365.58942,403466.43,0,0,0,0,0,0,0,0,0,10000,0,57000,0,0,0.8054,0,0,0,0,0,0,0,0,0,0,10000
2017/11/23,0,89.02996,10767.72,319508.82,2365.44273,359195.36,0,0,0,0,0,0,0,0,0,0,0,0,0,0,10.093,0,0,0,0,0,0,0,0,0,0,0
2017/11/24,0,87.33313,0,244393.64,2365.43719,221823,0,0,0,0,0,0,0,0,0,0,0,38200,0,0,4.8328,0,0,0,0,0,0,0,0,0,0,0
2017/11/25,0,87.3665,0,107795.37,2381.33581,84191.34,0,0,0,0,0,0,0,0,0,0,0,100000,0,0,8.8602,0,0,0,0,0,0,0,0,0,0,0
2017/11/26,0,87.38078,0,206624.8,2407.17097,257921.96,0,0,0,0,0,0,0,0,0,0,0,1000,0,0,441.7643,0,0,0,0,0,0,0,0,0,0,0
2017/11/27,0,87.39427,0,420690.25,2383.69779,455416.84,0,0,0,0,0,0,0,0,0,0,0,123000,0,0,3.2219,0,0,0,0,0,0,0,0,0,0,500
2017/11/28,0,87.40941,10069,448987.14,2339.77538,481551.48,0,0,0,0,0,0,0,0,0,0,0,0,0,700,433.9231,0,0,0,0,0,0,0,0,0,0,0
2017/11/29,0,85.82309,1.21,252050.04,2330.47598,270425.21,0,0,0,0,0,0,0,0,0,0,0,116000,0,0,861.8791,0,0,0,0,0,0,0,0,0,0,0
2017/11/30,0,85.83691,12350.28,203255.5,2363.98767,345027.93,0,0,0,0,0,0,0,0,0,25000,0,0,0,0,78.9368,0,0,0,0,0,0,0,0,0,0,0
2017/12/1,0,83.88727,36604.18,334666.67,2351.36766,468139.19,0,0,0,0,0,0,0,60000,0,0,0,2100,0,0,791.0136,0,0,0,0,0,0,0,0,0,0,0
2017/12/2,0,78.08362,10620.47,62479.26,2307.87135,120768.38,0,0,0,0,0,0,0,0,0,10000,0,16000,0,200,90.0653,0,0,0,15000,0,0,0,0,0,0,0
2017/12/3,0,76.40766,0.4,171609.23,2342.22722,314435.4,0,0,0,0,0,0,0,0,0,0,0,12200,0,0,41.8847,0,0,0,0,0,0,0,0,0,0,0
2017/12/4,0,76.41942,11466.93,327938.87,2302.56256,463868.56,0,0,0,0,0,0,0,0,0,0,0,97200,0,0,113.5724,0,0,0,0,0,5000,0,0,0,0,0
2017/12/5,0,74.60884,68.99,209327.2,2256.69396,403093.05,0,0,0,0,0,0,0,0,0,0,0,8000,0,0,12128.9092,0,0,0,0,0,0,0,0,0,15000,0
2017/12/6,0,74.60909,10497.24,144267.7,2245.31319,299940.34,0,0,0,0,0,0,0,0,0,0,0,0,0,0,466.7998,0,0,0,100,0,0,0,0,0,0,0
2017/12/7,0,72.95261,0,216619.81,2230.86169,247555.25,0,0,0,0,0,0,0,0,0,0,0,700,0,200,74.3208,0,0,0,0,0,0,0,0,0,25400,0
2017/12/8,0,72.96525,24621.58,210706.15,2214.55281,84385.44,0,0,0,0,0,0,0,0,0,0,0,300,0,100,82.2261,0,0,0,0,0,0,0,0,0,37000,0
2017/12/9,0,69.06354,532,195916.81,2236.16777,74042.58,0,0,0,0,0,0,0,0,0,0,0,0,0,27000,327.3204,0,0,0,0,0,0,0,0,0,31000,0
2017/12/10,0,68.9891,161.11,99600.23,2258.87937,111139.53,0,0,0,0,0,0,0,0,0,0,0,500,0,200,1864.5893,0,0,0,2200,0,0,0,0,0,11900,100
2017/12/11,0,68.97363,4293.89,227567.28,2272.07003,345092.49,0,0,0,0,0,0,0,0,0,0,0,200,0,0,808.1423,0,0,0,50000,0,0,0,0,0,0,0
2017/12/12,0,68.30142,22200.4,280110.4,2232.46777,152969.47,0,0,0,0,0,0,0,0,0,0,0,1000,0,0,1.7753,0,0,0,0,0,0,0,0,0,0,0
2017/12/13,0,64.78722,1965.58,266611.5,2245.84055,269139.32,0,0,0,0,0,0,1100,0,0,0,0,0,0,0,167.1696,0,0,0,0,0,0,0,0,0,0,1000
2017/12/14,0,64.48473,16686,225070.99,2247.41219,397336.22,0,0,0,0,0,0,0,0,0,0,0,99800,0,0,0,0,0,0,0,0,0,0,0,0,0,0
2017/12/15,0,61.84314,3600,335918.06,2227.31446,78565.31,0,0,0,0,0,0,0,0,0,0,0,50100,0,0,8.8602,0,0,0,0,0,0,0,0,0,0,20000
2017/12/16,0,61.28002,0,139077.98,2250.94917,145782.61,0,0,0,0,0,0,0,0,0,0,0,35100,0,0,0,0,0,0,0,0,0,0,0,0,0,0
2017/12/17,0,61.29036,52.54,141135.04,2281.51993,34373.51,0,0,0,0,0,0,0,0,0,30000,0,30800,0,1500,15.6254,0,0,0,0,0,0,0,0,0,0,0
2017/12/18,0,61.29109,106,213206.17,2299.31472,534882.83,0,0,0,0,0,0,0,0,0,0,0,136300,0,22000,693.3729,0,0,0,0,0,0,0,0,0,0,0
2017/12/19,0,61.28306,3500,231221.93,2236.6353,703697.99,0,0,0,0,0,0,0,0,0,0,0,122000,0,100,165.9982,0,0,0,0,0,0,0,0,0,0,0
2017/12/20,0,60.73613,10694.99,252840.78,2158.73183,164407.45,0,0,0,0,0,0,0,0,0,10000,0,0,0,0,1302.8956,0,0,0,0,0,0,0,0,0,0,0
2017/12/21,0,59.04532,1833.39,260461.04,2169.69204,242678.93,0,0,0,0,0,0,0,0,0,0,0,11000,0,0,84.5753,0,0,0,44000,0,0,0,0,0,0,0
2017/12/22,0,58.76227,0,372277.05,2171.65158,161983,0,0,0,0,0,0,0,0,0,39000,0,18000,0,0,0.8054,0,0,0,0,0,0,0,0,0,0,0
2017/12/23,0,58.77094,277.89,112086.73,2187.83572,75724.35,0,0,0,0,0,0,0,0,0,0,0,100,0,0,10.093,0,0,0,0,0,0,0,0,0,0,0
2017/12/24,0,58.73653,0,40354.74,2235.11944,294890.37,0,0,0,0,0,0,0,0,0,0,0,150000,0,0,4.8328,0,0,0,10000,0,0,0,0,0,0,0
2017/12/25,0,58.74497,0,252806.81,2206.42301,591328.26,0,0,0,0,0,0,0,0,0,0,0,23000,0,0,8.8602,0,0,0,0,0,0,0,0,0,0,1000
2017/12/26,0,58.75519,0,211161.95,2119.22182,261960.1,0,0,0,0,0,0,0,0,0,0,0,229000,0,0,441.7643,0,0,0,0,0,0,0,0,0,0,0
2017/12/27,0,58.76334,10264.48,96406.24,2118.1041,363229.05,0,0,0,0,0,0,0,0,0,33000,0,160300,0,0,3.2219,0,0,0,0,0,0,0,0,0,0,0
2017/12/28,0,57.14065,11933.34,99076.54,2094.41942,483945.18,0,0,0,0,0,0,0,0,0,0,0,0,0,0,428.1204,0,0,0,0,0,0,0,0,0,0,0
2017/12/29,0,55.25353,43.22,171191.49,2033.02763,252167.08,0,0,0,0,0,0,0,0,0,0,0,16000,0,0,861.8791,0,0,0,0,0,0,0,0,0,0,0
2017/12/30,0,55.25459,0,271755.02,2009.02426,77078.13,0,0,0,0,0,0,0,0,0,0,0,18100,0,0,78.9368,0,0,0,0,0,0,0,0,0,0,0
2017/12/31,0,55.26233,522.26,30641.68,2024.29805,71692.95,0,0,0,0,0,0,0,0,0,0,0,501000,0,8000,791.0136,0,0,0,0,0,0,0,0,0,0,0
2018/1/1,0,55.18705,0,94331.7,2056.41073,320544.42,0,0,0,0,0,0,0,0,0,8000,0,0,0,0,88.29,0,10000,0,0,0,0,0,0,0,0,0
2018/1/2,0,55.19461,0,239279.34,2010.67062,494049.13,0,0,0,0,0,0,0,0,0,0,0,1000,0,0,41.8847,0,0,0,0,0,0,0,0,0,0,0
2018/1/3,0,55.20274,0,379368.62,1947.21657,188041.81,0,0,0,0,0,0,0,0,0,0,0,0,0,0,113.5724,0,0,0,0,0,0,0,0,0,0,0
2018/1/4,0,55.21128,0,141959.57,1955.92483,110223.17,0,0,0,0,0,0,0,0,0,0,0,20500,0,0,12128.9092,0,0,0,10000,0,10000,0,0,0,0,0
2018/1/5,0,55.21902,0,39087.32,1992.4092,97742.2,0,0,0,0,0,0,0,0,0,30000,0,0,0,0,466.7998,0,0,0,0,0,0,0,0,0,0,0
2018/1/6,0,55.22705,10000,92586.86,2006.34683,86663.9,0,0,0,0,0,0,0,0,0,0,0,1000,0,0,72.4929,0,0,0,0,0,0,0,0,0,0,0
2018/1/7,0,53.64584,0,58258.14,1999.10564,220729.47,0,0,0,0,0,0,0,0,0,0,0,6000,0,0,81.3533,0,0,0,20000,0,0,0,0,0,0,0
2018/1/8,0,53.65442,77048.97,227152.37,1979.06078,312360.61,0,0,0,0,0,0,0,0,0,0,0,1000,0,0,80.5479,0,0,0,0,0,0,0,0,0,0,0
2018/1/9,0,41.41879,0,66913.38,1939.01593,187845.4,0,0,0,0,0,0,0,0,0,0,0,0,0,0,1862.8437,0,0,0,65000,0,0,0,0,0,0,0
2018/1/10,0,41.4243,0,72882.94,1928.16564,336791.75,0,0,0,0,0,0,0,0,0,16000,0,0,0,30000,808.1423,0,200,0,0,0,0,0,0,0,0,0
2018/1/11,0,41.43131,0,91967.91,1902.97311,208581.09,0,0,0,0,0,0,0,0,0,0,0,0,0,0,1.7753,0,0,0,0,0,0,0,0,0,0,0
2018/1/12,0,41.43759,378.76,144766.73,1881.71238,198845.96,0,0,0,0,0,0,0,0,0,0,0,63200,0,200,167.1696,0,0,0,0,0,0,0,0,0,0,20000
2018/1/13,0,41.38537,30.39,65350.77,1865.02815,91148.14,0,0,0,0,0,0,0,0,0,0,0,0,0,0,0,0,0,0,0,0,0,0,0,0,0,0
2018/1/14,0,41.38809,0,188023.91,1873.84477,244609.77,0,0,0,0,0,0,0,0,0,10000,0,6100,0,0,8.8602,0,0,0,30000,0,0,0,0,0,0,0
2018/1/15,0,41.39396,1267,184025.61,1845.65757,448517.89,0,0,0,0,0,0,0,0,0,0,0,1000,0,0,0,0,0,0,21300,0,0,0,0,0,0,0
2018/1/16,0,41.19814,0,197313.25,1804.55716,301253.72,0,0,0,0,0,0,0,0,0,0,0,17000,0,200,1.7556,0,0,0,0,0,0,0,0,0,0,0
2018/1/17,0,41.21092,0,87143.73,1774.61334,168905.55,0,0,0,0,0,0,0,0,0,0,0,2000,0,300,489.9483,0,0,0,0,0,0,0,0,0,0,0
2018/1/18,0,41.21641,0,370128.11,1793.25496,284283.74,0,0,0,0,0,0,0,0,0,0,0,40000,0,0,165.1558,0,0,0,0,0,0,0,5000,0,0,10000
2018/1/19,0,41.24223,0,142399.91,1761.4837,153229.69,0,0,0,0,0,0,0,0,0,0,0,1000,0,0,1302.8956,0,0,0,0,0,0,0,0,0,0,0
2018/1/20,0,41.24883,0,106373.19,1794.71656,81052.28,0,0,0,0,0,0,0,0,0,0,0,0,0,0,84.5753,0,0,0,0,0,0,0,0,0,0,0
2018/1/21,0,41.25441,0,29414.23,1804.75006,18010.57,0,0,0,0,0,0,0,0,0,20000,0,41000,0,100,0.8054,0,0,0,0,0,0,0,0,0,0,0
2018/1/22,0,41.26058,9769.02,98219.26,1819.07797,494930.96,0,0,0,0,0,0,0,0,0,55000,0,0,0,0,10.093,0,0,0,0,0,0,0,0,0,0,0
2018/1/23,0,39.71377,0,99684.52,1737.29911,390775.53,0,0,0,0,0,0,0,0,0,0,0,0,0,0,4.8328,0,0,0,0,0,0,0,0,0,0,10000
2018/1/24,0,39.71938,0,98888.54,1701.56577,227410.51,0,0,0,0,0,0,0,0,0,40000,0,20000,0,0,8.8602,0,0,0,0,0,0,0,0,0,0,0
2018/1/25,0,39.72544,0,135223.84,1679.23595,335239,0,0,0,0,0,0,0,0,0,46500,0,0,0,49900,441.7643,0,0,0,0,0,0,0,12900,0,0,0
2018/1/26,0,39.73071,10.3,141142.21,1641.86627,215451.46,0,0,0,0,0,0,0,0,0,0,0,0,0,0,3.2219,0,0,0,0,0,0,0,0,0,0,0
2018/1/27,0,39.73554,0,181186.91,1629.37859,167833.61,0,0,0,0,0,0,0,0,0,0,0,10000,0,0,428.1204,0,0,0,0,0,0,0,10000,0,0,1000
2018/1/28,0,39.74088,0,23328.26,1625.39615,183578.01,0,0,0,0,0,0,0,0,0,0,0,1000,0,0,861.8791,0,0,0,0,0,0,0,0,0,0,0
2018/1/29,0,39.74713,50380,120787.61,1625.27473,331939.55,0,0,0,0,0,0,0,0,0,0,0,0,0,0,78.9368,0,0,0,0,0,0,0,0,0,0,0
2018/1/30,0,31.74695,0,73627.16,1576.49338,369206.28,0,0,0,0,0,0,0,0,0,408000,0,20000,0,0,726.5753,0,0,0,0,0,0,0,0,0,0,0
2018/1/31,0,31.75194,1.04,122590.28,1538.85797,99215,0,0,0,0,0,0,0,0,0,75600,0,40000,0,3900,88.29,0,0,0,0,0,0,0,0,0,0,0
2018/2/1,0,31.75576,0,186960.61,1533.44739,612552.43,0,0,0,0,0,0,0,0,0,40000,0,201000,0,0,41.8847,0,0,0,0,0,3000,0,0,0,0,0
2018/2/2,0,31.76095,10689.93,244642,1455.83425,207635.91,0,0,0,0,0,0,0,0,0,4000,0,0,0,0,113.5724,0,0,0,0,0,0,0,0,0,0,0
2018/2/3,0,30.06632,0,39341.26,1452.77998,71775.73,0,0,0,0,0,0,0,0,0,12700,0,95600,0,0,12128.9092,0,0,0,0,0,0,0,27000,0,0,0
2018/2/4,0,30.07076,0,4024.54,1480.48007,41836.88,0,0,0,0,0,0,0,0,0,5200,0,0,0,0,466.7998,0,0,0,0,0,0,0,0,0,0,0
2018/2/5,0,30.07522,0,92661.13,1480.3186,381468.4,0,0,0,0,0,0,0,0,0,5000,0,1000,0,4000,72.4929,0,0,0,4000,0,0,0,0,0,0,0
2018/2/6,0,30.07903,0,210995.99,1420.57641,234572.94,0,0,0,0,0,0,0,0,0,0,0,63200,0,10000,81.3533,0,0,0,300,0,0,0,0,0,0,0
2018/2/7,0,30.08311,0,137845.49,1398.25189,42932.39,0,0,0,0,0,0,0,0,0,0,0,61000,0,0,80.5479,0,0,0,0,0,0,0,0,0,0,0
2018/2/8,0,30.08726,1224.51,74401.32,1425.18001,230392.04,0,0,0,0,0,0,0,0,0,0,0,0,0,1200,1862.8437,0,0,0,0,0,0,0,0,0,0,0
2018/2/9,0,29.89843,0,180620.15,1410.70036,53078.21,0,0,0,0,0,0,0,0,0,0,0,0,0,300,566.4985,0,0,0,0,0,0,0,0,0,0,50000
2018/2/10,0,29.90286,10689.12,84001.28,1414.29684,122556.73,0,0,0,0,0,0,0,0,0,0,0,20000,0,200,1.7753,0,0,0,0,0,0,0,0,0,0,0
2018/2/11,0,28.20817,1140,145527.79,1427.73691,81246.33,0,0,0,0,0,0,0,0,0,0,0,155000,0,0,165.4518,0,0,0,0,0,0,0,0,0,0,1000
2018/2/12,0,28.03045,0,363848.2,1424.42887,205473.55,0,0,0,0,0,0,0,0,0,0,0,51500,0,0,0,0,0,0,10000,0,0,0,0,0,0,50000
2018/2/13,0,28.03374,0,566509.88,1415.12973,79556.12,0,0,0,0,0,0,0,0,0,0,0,0,0,500,8.8602,0,0,0,2000,0,0,0,0,0,0,0
2018/2/14,0,28.03752,10.55,358792.56,1460.51283,75136.22,0,0,0,0,0,0,0,0,0,0,0,100000,0,0,0,0,0,0,0,0,0,0,0,0,0,0
2018/2/15,0,28.04027,0,177034.19,1538.84313,18473.17,0,0,0,0,0,0,0,0,0,0,0,0,0,0,0,0,0,0,0,0,0,0,0,0,0,0
2018/2/16,0,28.04465,0,140307.31,1593.16562,348356.04,0,0,0,0,0,0,0,0,0,0,0,56000,0,60200,487.3149,0,0,0,0,0,0,0,0,0,0,0
2018/2/17,0,28.04861,840.72,52861.6,1566.19525,46640.12,0,0,0,0,0,0,0,0,0,0,0,0,0,100,165.1558,0,0,0,0,0,0,0,0,0,0,1000
2018/2/18,0,27.92249,0,101462.67,1581.32818,79800,0,0,0,0,0,0,0,0,0,0,0,10000,0,200,1302.8956,0,0,0,0,0,20000,0,0,0,0,0
2018/2/19,0,27.92631,0,143265.22,1577.93434,77102.44,0,0,0,0,0,0,0,0,0,0,0,80000,0,500,84.5753,0,0,0,0,0,0,0,0,0,0,1000
2018/2/20,0,27.93006,0,137838,1588.69806,29747.61,0,0,0,0,0,0,0,0,0,0,0,0,0,0,0,0,0,0,0,0,0,0,0,0,0,0
2018/2/21,0,27.93339,0,117564.23,1599.7114,137507.22,0,0,0,0,0,0,0,0,0,0,0,44000,0,0,10.093,0,0,0,0,0,0,0,0,0,0,0
2018/2/22,0,27.93688,0,244465.4,1600.01801,547559.21,0,0,0,0,0,0,0,0,0,0,0,0,0,500,4.8328,0,0,0,5000,0,0,0,0,0,0,0
2018/2/23,0,27.94034,0,357047.79,1531.95416,332763.38,0,0,0,0,0,0,0,0,0,0,0,0,0,500,8.8602,0,0,0,0,0,0,0,67000,0,0,0
2018/2/24,0,27.9438,0,108712.68,1518.15675,117422.08,0,0,0,0,0,0,0,0,0,0,0,70000,0,0,4.0274,0,0,0,2000,0,0,0,0,0,0,0
2018/2/25,0,27.94712,0,201860.21,1556.47567,267147.12,0,0,0,0,0,0,0,0,0,0,0,33300,0,400,3.2219,0,0,0,0,0,0,0,0,0,0,0
2018/2/26,0,27.95172,0,178841.67,1531.59465,447558.67,0,0,0,0,0,0,0,0,0,0,0,4006000,0,500,428.1204,0,0,0,0,0,0,0,0,0,0,100
2018/2/27,0,27.95577,0,307212.95,1489.25207,207731.97,0,0,0,0,0,0,0,0,0,0,0,22500,0,500,861.8791,0,0,0,0,0,10000,0,0,0,0,0
2018/2/28,0,27.95944,0,242489.9,1488.39378,188308.21,0,0,0,0,0,0,0,0,0,0,0,0,0,0,78.9368,0,0,0,0,0,0,0,0,0,0,0
2018/3/1,0,27.96285,86.35,145976.73,1507.48026,179972.34,0,0,0,0,0,0,0,0,0,0,0,0,0,0,726.5753,0,0,0,20400,0,0,0,0,0,0,0
2018/3/2,0,27.95289,0,355053.78,1522.46575,56159.87,0,0,0,0,0,0,0,0,0,0,0,10000,0,0,56.8764,0,0,0,0,0,0,0,0,0,50200,0
2018/3/3,0,27.95622,0,29303.19,1535.39087,131547.27,0,0,0,0,0,0,0,0,0,0,0,14000,0,0,41.8847,0,0,0,0,0,0,0,0,0,0,0
2018/3/4,0,27.96308,0,145486.63,1568.45888,122314.2,0,0,0,0,0,0,0,0,0,0,0,60000,0,14000,113.5724,0,0,0,0,0,0,0,0,0,0,0
2018/3/5,0,27.9666,0,192486.99,1555.03148,226771.39,0,0,0,0,0,0,0,0,0,0,0,130000,0,500,12128.9092,0,0,0,4000,0,0,0,0,0,0,0
2018/3/6,0,27.97029,1510,190611.64,1537.59494,261476.51,0,0,0,0,0,0,0,0,0,0,0,35000,0,200,466.7998,0,0,0,3000,0,0,0,0,0,0,0
2018/3/7,0,27.72371,65.24,36000.35,1531.00789,141763.86,0,0,0,0,0,0,0,0,0,0,0,0,0,0,40.2739,0,0,0,8000,0,0,0,0,0,0,0
2018/3/8,0,27.72734,0,180011.48,1538.05983,98359.64,0,0,0,0,0,0,0,0,0,0,0,60000,0,0,0.8054,0,0,0,0,0,0,0,0,0,0,0
2018/3/9,0,27.73115,0,236890.29,1528.39525,77302.75,0,0,0,0,0,0,0,0,0,0,0,0,0,0,80.5479,0,0,0,0,0,0,0,0,0,0,0
2018/3/10,0,27.73509,1250,163622.9,1544.95905,66503.83,0,0,0,0,0,0,0,0,0,0,0,9000,0,230000,1852.6027,0,0,0,5200,0,0,0,0,0,0,0
2018/3/11,0,27.5406,0,127082.56,1572.2796,98423.43,0,0,0,0,0,0,0,0,0,0,0,0,0,70000,563.8355,0,0,0,0,0,0,0,0,0,0,0
2018/3/12,0,27.54456,0,128204.65,1582.89467,317406.07,0,0,0,0,0,0,0,0,0,0,0,80000,0,0,0,0,0,0,1100,0,0,0,0,0,0,0
2018/3/13,0,27.54821,0,132011.26,1551.30929,178108.42,0,0,0,0,0,0,0,0,0,0,0,12600,0,400,165.4518,0,0,0,100,0,0,0,300,0,0,25000
2018/3/14,0,27.55254,1232.81,40538.92,1545.21483,114098.77,0,0,0,0,0,0,0,1100,0,0,0,26500,0,0,0,0,0,0,0,0,0,0,0,0,0,0
2018/3/15,0,27.38084,1348.64,101738.73,1548.30667,182313.03,0,0,0,0,0,0,0,0,0,0,0,0,0,0,4.8328,0,0,0,2000,0,0,0,0,0,0,0
2018/3/16,0,27.1707,0,254309.86,1526.02422,180839.9,0,0,0,0,0,0,0,0,0,0,0,33000,0,0,0,0,0,0,0,0,0,0,0,0,0,0
2018/3/17,0,27.17508,0,65348.67,1513.69728,1901.11,0,0,0,0,0,0,0,0,0,0,0,111000,0,0,0,0,0,0,0,0,0,0,0,0,0,0
2018/3/18,0,27.17864,0,62604.23,1554.0466,110148.19,0,0,0,0,0,0,0,0,0,0,0,164000,0,300,2.4164,0,0,0,0,0,0,0,0,0,0,0
2018/3/19,0,27.18192,0,232295.76,1547.17457,287990.14,0,0,0,0,0,0,0,0,0,0,0,17100,0,10000,164.3504,0,0,0,0,0,0,0,0,0,0,1000
2018/3/20,0,27.18526,0,114187.2,1511.60585,76945.8,0,0,0,0,0,0,0,0,0,0,0,11000,0,1600,1301.2847,0,0,0,0,0,0,0,0,0,0,0
2018/3/21,0,27.18906,0,91217.67,1536.53173,222197.09,0,0,0,0,0,0,0,0,0,0,0,0,0,0,80.5479,0,0,0,0,0,0,0,0,0,0,0
2018/3/22,0,27.19941,0,40344.52,1519.93045,60638.79,0,0,0,0,0,0,0,0,0,0,0,0,0,0,0,0,0,0,0,0,0,0,0,0,0,0
2018/3/23,0,27.2028,0,179271.78,1524.7134,69236.83,0,0,0,0,0,0,0,0,0,0,0,50000,0,100,10.093,0,0,0,9000,0,0,0,15300,0,0,0
2018/3/24,0,27.20614,0,39937.99,1520.36452,15000,0,0,0,0,0,0,0,0,0,0,0,75000,0,100,0.8054,0,0,0,0,0,0,0,0,0,0,0
2018/3/25,0,27.20996,0,59756.25,1546.7094,25269.99,0,0,0,0,0,0,0,0,0,0,0,0,0,500,4.8328,0,0,0,0,0,0,0,0,0,0,0
2018/3/26,0,27.21531,0,103346.23,1549.28619,330119.29,0,0,0,0,0,0,0,0,0,0,0,86100,0,500,4.0274,0,0,0,0,0,0,0,0,0,0,0
2018/3/27,0,27.21865,0,38998.43,1506.57046,171970.71,0,0,0,0,0,0,0,0,0,0,0,144100,0,0,0,0,0,0,0,0,0,0,0,0,0,0
2018/3/28,0,27.22186,0,28770.92,1495.9052,308055.76,0,0,0,0,0,0,0,0,0,0,0,20200,0,100,424.093,0,0,0,0,0,0,0,0,0,0,0
2018/3/29,0,27.22529,0,163944.24,1453.38851,212032.7,0,0,0,0,0,0,0,0,0,0,0,0,0,0,857.8517,0,0,0,0,0,0,0,0,0,0,0
2018/3/30,0,27.22918,0,108634.44,1424.49842,102487.32,0,0,0,0,0,0,0,0,0,0,0,117000,0,0,78.9368,0,0,0,0,0,0,0,0,0,0,0
2018/3/31,0,27.23341,0,88299.33,1434.49058,99134,0,0,0,0,0,0,0,0,0,0,0,14000,0,0,726.5753,0,0,0,50000,0,0,0,0,0,0,0
2018/4/1,0,27.23659,0,30061.63,1436.22808,229877.37,0,0,0,0,0,0,0,0,0,0,0,70100,0,0,56.8764,0,0,0,0,0,0,0,0,0,0,0
2018/4/2,0,27.2411,0,39298.51,1406.01389,314624.83,0,0,0,0,0,0,0,0,0,0,0,100,0,200,41.8847,0,0,0,0,0,0,0,0,0,0,0
